Workbook

Sheet Technomic Top 500 Chains
A1: Chain Name | B1: Ignite ID | C1: Segment | D1: Subsegment | E1: Menu Type | F1: Rank | G1: 2024 U.S. Sales ($000) | H1: 2024 Market share (%) | I1: 2024 U.S. Units | J1: 2024 AUV | K1: 2024 YoY units % | L1: 5-Year Sales CAGR | M1: 5-year market share change | N1: 5-Year AUV CAGR | O1: 5-Year Unit CAGR | P1: 2023 U.S. Sales ($000) | Q1: 2023 Market share (%) | R1: Market share y/y | S1: 2023 YoY Sales % | T1: 2023 U.S. Units | U1: 2023 AUV | V1: 2023 YoY Units % | W1: 4-Year Sales CAGR | X1: 4-year market share change | Y1: 4-Year AUV CAGR | Z1: 4-Year Unit CAGR | AA1: 2022 U.S. Sales ($000) | AB1: 2022 Market share (%) | AC1: 2022 U.S. Units | AD1: 2022 AUV | AE1: 2021 U.S. Sales ($000) | AF1: 2021 Market share (%) | AG1: 2021 U.S. Units | AH1: 2021 AUV | AI1: 2020 U.S. Sales ($000) | AJ1: 2020 Market share (%) | AK1: 2020 U.S. Units | AL1: 2020 AUV | AM1: 2019 U.S. Sales ($000) | AN1: 2019 Market share (%) | AO1: 2019 U.S. Units | AP1: 2019 AUV
A2: McDonald's | B2: 823 | C2: LSR | D2: QSR | E2: Burger | F2: 1 | H2: =Table1[[#This Row],[2024 U.S. Sales ($000)]]/SUMIF($E:$E, E2, $G:$G) -> #DIV/0! | I2: =VLOOKUP(Table1[[#This Row],[Chain Name]],[1]Sheet1!A$3:G$26,7,0) -> #N/A | J2: =Table1[[#This Row],[2024 U.S. Sales ($000)]]/Table1[[#This Row],[2024 U.S. Units]] -> #N/A | K2: =Table1[[#This Row],[2024 U.S. Units]]/Table1[[#This Row],[2023 U.S. Units]]-1 -> #N/A | L2: =_xlfn.RRI(5,Table1[[#This Row],[2019 U.S. Sales ($000)]],Table1[[#This Row],[2024 U.S. Sales ($000)]]) -> -1 | M2: =(Table1[[#This Row],[2024 Market share (%)]]-Table1[[#This Row],[2019 Market share (%)]])*10000 -> #DIV/0! | P2: 53134100 | Q2: =Table1[[#This Row],[2023 U.S. Sales ($000)]]/SUMIF($E:$E, E2, $P:$P) -> 0.48531801 | R2: =(Table1[[#This Row],[2023 Market share (%)]]-Table1[[#This Row],[2022 Market share (%)]])*10000 -> 83.296125 | S2: 0.09028362 | T2: 13457 | U2: =P2/T2 -> 3948.4358 | V2: 0.00096697411 | W2: =_xlfn.RRI(4,AM2,P2) -> 0.070813568 | X2: =(Table1[[#This Row],[2023 Market share (%)]]-Table1[[#This Row],[2019 Market share (%)]])*10000 -> 181.64582 | Y2: =_xlfn.RRI(4,AP2,U2) -> 0.078469542 | Z2: =_xlfn.RRI(4,AO2,T2) -> -0.0070989241 | AA2: 48734200 | AB2: =Table1[[#This Row],[2022 U.S. Sales ($000)]]/SUMIF($E:$E, E2, $AA:$AA) -> 0.47698839 | AC2: 13444 | AD2: =AA2/AC2 -> 3624.9777 | AE2: 45960500 | AF2: =Table1[[#This Row],[2021 U.S. Sales ($000)]]/SUMIF($E:$E, E2, $AE:$AE) -> 0.47239191 | AG2: 13438 | AH2: =AE2/AG2 -> 3420.189 | AI2: 40517000 | AJ2: =Table1[[#This Row],[2020 U.S. Sales ($000)]]/SUMIF($E:$E, E2, $AI:$AI) -> 0.46366954 | AK2: 13682 | AL2: =AI2/AK2 -> 2961.3361 | AM2: 40412700 | AN2: =Table1[[#This Row],[2019 U.S. Sales ($000)]]/SUMIF($E:$E, E2, $AM:$AM) -> 0.46715342 | AO2: 13846 | AP2: =AM2/AO2 -> 2918.7274
A3: Dutch Bros Coffee | B3: 5876 | C3: LSR | D3: QSR | E3: Coffee Cafe | F3: 48 | G3: 1819000 | H3: =Table1[[#This Row],[2024 U.S. Sales ($000)]]/SUMIF($E:$E, E3, $G:$G) -> 0.035997693 | I3: 982 | J3: =Table1[[#This Row],[2024 U.S. Sales ($000)]]/Table1[[#This Row],[2024 U.S. Units]] -> 1852.3422 | K3: =Table1[[#This Row],[2024 U.S. Units]]/Table1[[#This Row],[2023 U.S. Units]]-1 -> 0.18170878 | L3: =_xlfn.RRI(5,Table1[[#This Row],[2019 U.S. Sales ($000)]],Table1[[#This Row],[2024 U.S. Sales ($000)]]) -> 0.26721804 | M3: =(Table1[[#This Row],[2024 Market share (%)]]-Table1[[#This Row],[2019 Market share (%)]])*10000 -> 200.87109 | P3: 1444433 | Q3: =Table1[[#This Row],[2023 U.S. Sales ($000)]]/SUMIF($E:$E, E3, $P:$P) -> 0.029464035 | R3: =(Table1[[#This Row],[2023 Market share (%)]]-Table1[[#This Row],[2022 Market share (%)]])*10000 -> 30.288686 | S3: 0.24179449 | T3: 831 | U3: =P3/T3 -> 1738.1865 | V3: 0.23845007 | W3: =_xlfn.RRI(4,AM3,P3) -> 0.26920086 | X3: =(Table1[[#This Row],[2023 Market share (%)]]-Table1[[#This Row],[2019 Market share (%)]])*10000 -> 135.53451 | Y3: =_xlfn.RRI(4,AP3,U3) -> 0.03676549 | Z3: =_xlfn.RRI(4,AO3,T3) -> 0.22419281 | AA3: 1163182 | AB3: =Table1[[#This Row],[2022 U.S. Sales ($000)]]/SUMIF($E:$E, E3, $AA:$AA) -> 0.026435166 | AC3: 671 | AD3: =AA3/AC3 -> 1733.5052 | AE3: 913822 | AF3: =Table1[[#This Row],[2021 U.S. Sales ($000)]]/SUMIF($E:$E, E3, $AE:$AE) -> 0.023545991 | AG3: 538 | AH3: =AE3/AG3 -> 1698.5539 | AI3: 687238 | AJ3: =Table1[[#This Row],[2020 U.S. Sales ($000)]]/SUMIF($E:$E, E3, $AI:$AI) -> 0.022162859 | AK3: 441 | AL3: =AI3/AK3 -> 1558.3628 | AM3: 556642 | AN3: =Table1[[#This Row],[2019 U.S. Sales ($000)]]/SUMIF($E:$E, E3, $AM:$AM) -> 0.015910584 | AO3: 370 | AP3: =AM3/AO3 -> 1504.4378
A4: Chick-fil-A | B4: 799 | C4: LSR | D4: QSR | E4: Chicken | F4: 3 | H4: =Table1[[#This Row],[2024 U.S. Sales ($000)]]/SUMIF($E:$E, E4, $G:$G) -> #DIV/0! | I4: =VLOOKUP(Table1[[#This Row],[Chain Name]],[1]Sheet1!A$3:G$26,7,0) -> #N/A | J4: =Table1[[#This Row],[2024 U.S. Sales ($000)]]/Table1[[#This Row],[2024 U.S. Units]] -> #N/A | K4: =Table1[[#This Row],[2024 U.S. Units]]/Table1[[#This Row],[2023 U.S. Units]]-1 -> #N/A | L4: =_xlfn.RRI(5,Table1[[#This Row],[2019 U.S. Sales ($000)]],Table1[[#This Row],[2024 U.S. Sales ($000)]]) -> -1 | M4: =(Table1[[#This Row],[2024 Market share (%)]]-Table1[[#This Row],[2019 Market share (%)]])*10000 -> #DIV/0! | P4: 21585752 | Q4: =Table1[[#This Row],[2023 U.S. Sales ($000)]]/SUMIF($E:$E, E4, $P:$P) -> 0.44068099 | R4: =(Table1[[#This Row],[2023 Market share (%)]]-Table1[[#This Row],[2022 Market share (%)]])*10000 -> 94.810629 | S4: 0.14732244 | T4: 2964 | U4: =P4/T4 -> 7282.6424 | V4: 0.056307912 | W4: =_xlfn.RRI(4,AM4,P4) -> 0.15429004 | X4: =(Table1[[#This Row],[2023 Market share (%)]]-Table1[[#This Row],[2019 Market share (%)]])*10000 -> 446.09137 | Y4: =_xlfn.RRI(4,AP4,U4) -> 0.10541656 | Z4: =_xlfn.RRI(4,AO4,T4) -> 0.044212722 | AA4: 18814024 | AB4: =Table1[[#This Row],[2022 U.S. Sales ($000)]]/SUMIF($E:$E, E4, $AA:$AA) -> 0.43119993 | AC4: 2806 | AD4: =AA4/AC4 -> 6704.9266 | AE4: 16673679 | AF4: =Table1[[#This Row],[2021 U.S. Sales ($000)]]/SUMIF($E:$E, E4, $AE:$AE) -> 0.4241062 | AG4: 2704 | AH4: =AE4/AG4 -> 6166.3014 | AI4: 13703568 | AJ4: =Table1[[#This Row],[2020 U.S. Sales ($000)]]/SUMIF($E:$E, E4, $AI:$AI) -> 0.40519938 | AK4: 2598 | AL4: =AI4/AK4 -> 5274.6605 | AM4: 12159267 | AN4: =Table1[[#This Row],[2019 U.S. Sales ($000)]]/SUMIF($E:$E, E4, $AM:$AM) -> 0.39607186 | AO4: 2493 | AP4: =AM4/AO4 -> 4877.3634
A5: Taco Bell | B5: 326 | C5: LSR | D5: QSR | E5: Mexican | F5: 4 | H5: =Table1[[#This Row],[2024 U.S. Sales ($000)]]/SUMIF($E:$E, E5, $G:$G) -> #DIV/0! | I5: =VLOOKUP(Table1[[#This Row],[Chain Name]],[1]Sheet1!A$3:G$26,7,0) -> #N/A | J5: =Table1[[#This Row],[2024 U.S. Sales ($000)]]/Table1[[#This Row],[2024 U.S. Units]] -> #N/A | K5: =Table1[[#This Row],[2024 U.S. Units]]/Table1[[#This Row],[2023 U.S. Units]]-1 -> #N/A | L5: =_xlfn.RRI(5,Table1[[#This Row],[2019 U.S. Sales ($000)]],Table1[[#This Row],[2024 U.S. Sales ($000)]]) -> -1 | M5: =(Table1[[#This Row],[2024 Market share (%)]]-Table1[[#This Row],[2019 Market share (%)]])*10000 -> #DIV/0! | P5: 14980000 | Q5: =Table1[[#This Row],[2023 U.S. Sales ($000)]]/SUMIF($E:$E, E5, $P:$P) -> 0.45272056 | R5: =(Table1[[#This Row],[2023 Market share (%)]]-Table1[[#This Row],[2022 Market share (%)]])*10000 -> -45.490474 | S5: 0.081588448 | T5: 7405 | U5: =P5/T5 -> 2022.9575 | V5: 0.028757988 | W5: =_xlfn.RRI(4,AM5,P5) -> 0.073187539 | X5: =(Table1[[#This Row],[2023 Market share (%)]]-Table1[[#This Row],[2019 Market share (%)]])*10000 -> -131.08469 | Y5: =_xlfn.RRI(4,AP5,U5) -> 0.049246077 | Z5: =_xlfn.RRI(4,AO5,T5) -> 0.022817776 | AA5: 13850000 | AB5: =Table1[[#This Row],[2022 U.S. Sales ($000)]]/SUMIF($E:$E, E5, $AA:$AA) -> 0.45726961 | AC5: 7198 | AD5: =AA5/AC5 -> 1924.1456 | AE5: 12615000 | AF5: =Table1[[#This Row],[2021 U.S. Sales ($000)]]/SUMIF($E:$E, E5, $AE:$AE) -> 0.46024598 | AG5: 7002 | AH5: =AE5/AG5 -> 1801.6281 | AI5: 11294000 | AJ5: =Table1[[#This Row],[2020 U.S. Sales ($000)]]/SUMIF($E:$E, E5, $AI:$AI) -> 0.47913516 | AK5: 6799 | AL5: =AI5/AK5 -> 1661.1266 | AM5: 11293000 | AN5: =Table1[[#This Row],[2019 U.S. Sales ($000)]]/SUMIF($E:$E, E5, $AM:$AM) -> 0.46582903 | AO5: 6766 | AP5: =AM5/AO5 -> 1669.0807
A6: Wendy's | B6: 550 | C6: LSR | D6: QSR | E6: Burger | F6: 5 | H6: =Table1[[#This Row],[2024 U.S. Sales ($000)]]/SUMIF($E:$E, E6, $G:$G) -> #DIV/0! | I6: =VLOOKUP(Table1[[#This Row],[Chain Name]],[1]Sheet1!A$3:G$26,7,0) -> #N/A | J6: =Table1[[#This Row],[2024 U.S. Sales ($000)]]/Table1[[#This Row],[2024 U.S. Units]] -> #N/A | K6: =Table1[[#This Row],[2024 U.S. Units]]/Table1[[#This Row],[2023 U.S. Units]]-1 -> #N/A | L6: =_xlfn.RRI(5,Table1[[#This Row],[2019 U.S. Sales ($000)]],Table1[[#This Row],[2024 U.S. Sales ($000)]]) -> -1 | M6: =(Table1[[#This Row],[2024 Market share (%)]]-Table1[[#This Row],[2019 Market share (%)]])*10000 -> #DIV/0! | P6: 12285300 | Q6: =Table1[[#This Row],[2023 U.S. Sales ($000)]]/SUMIF($E:$E, E6, $P:$P) -> 0.11221188 | R6: =(Table1[[#This Row],[2023 Market share (%)]]-Table1[[#This Row],[2022 Market share (%)]])*10000 -> -22.476377 | S6: 0.050528458 | T6: 6030 | U6: =P6/T6 -> 2037.3632 | V6: 0.006006006 | W6: =_xlfn.RRI(4,AM6,P6) -> 0.04719177 | X6: =(Table1[[#This Row],[2023 Market share (%)]]-Table1[[#This Row],[2019 Market share (%)]])*10000 -> -58.806835 | Y6: =_xlfn.RRI(4,AP6,U6) -> 0.039376688 | Z6: =_xlfn.RRI(4,AO6,T6) -> 0.0075190087 | AA6: 11694400 | AB6: =Table1[[#This Row],[2022 U.S. Sales ($000)]]/SUMIF($E:$E, E6, $AA:$AA) -> 0.11445952 | AC6: 5994 | AD6: =AA6/AC6 -> 1951.0177 | AE6: 11110700 | AF6: =Table1[[#This Row],[2021 U.S. Sales ($000)]]/SUMIF($E:$E, E6, $AE:$AE) -> 0.11419817 | AG6: 5938 | AH6: =AE6/AG6 -> 1871.1182 | AI6: 10231300 | AJ6: =Table1[[#This Row],[2020 U.S. Sales ($000)]]/SUMIF($E:$E, E6, $AI:$AI) -> 0.11708523 | AK6: 5881 | AL6: =AI6/AK6 -> 1739.7211 | AM6: 10216000 | AN6: =Table1[[#This Row],[2019 U.S. Sales ($000)]]/SUMIF($E:$E, E6, $AM:$AM) -> 0.11809256 | AO6: 5852 | AP6: =AM6/AO6 -> 1745.728
A7: Scooter's Coffee | B7: 5951 | C7: LSR | D7: QSR | E7: Coffee Cafe | F7: 98 | G7: 723000 | H7: =Table1[[#This Row],[2024 U.S. Sales ($000)]]/SUMIF($E:$E, E7, $G:$G) -> 0.014308044 | I7: 849 | J7: =Table1[[#This Row],[2024 U.S. Sales ($000)]]/Table1[[#This Row],[2024 U.S. Units]] -> 851.59011 | K7: =Table1[[#This Row],[2024 U.S. Units]]/Table1[[#This Row],[2023 U.S. Units]]-1 -> 0.132 | L7: =_xlfn.RRI(5,Table1[[#This Row],[2019 U.S. Sales ($000)]],Table1[[#This Row],[2024 U.S. Sales ($000)]]) -> 0.35073592 | M7: =(Table1[[#This Row],[2024 Market share (%)]]-Table1[[#This Row],[2019 Market share (%)]])*10000 -> 97.118728 | P7: 561316 | Q7: =Table1[[#This Row],[2023 U.S. Sales ($000)]]/SUMIF($E:$E, E7, $P:$P) -> 0.011449914 | R7: =(Table1[[#This Row],[2023 Market share (%)]]-Table1[[#This Row],[2022 Market share (%)]])*10000 -> 23.945026 | S7: 0.4087489 | T7: 750 | U7: =P7/T7 -> 748.42133 | V7: 0.35135135 | W7: =_xlfn.RRI(4,AM7,P7) -> 0.36687986 | X7: =(Table1[[#This Row],[2023 Market share (%)]]-Table1[[#This Row],[2019 Market share (%)]])*10000 -> 68.537432 | Z7: =_xlfn.RRI(4,AO7,T7) -> 0.29826794 | AA7: 398450 | AB7: =Table1[[#This Row],[2022 U.S. Sales ($000)]]/SUMIF($E:$E, E7, $AA:$AA) -> 0.0090554118 | AC7: 555 | AD7: =AA7/AC7 -> 717.92793 | AE7: 262800 | AF7: =Table1[[#This Row],[2021 U.S. Sales ($000)]]/SUMIF($E:$E, E7, $AE:$AE) -> 0.0067714351 | AG7: 400 | AH7: =AE7/AG7 -> 657 | AI7: 168100 | AJ7: =Table1[[#This Row],[2020 U.S. Sales ($000)]]/SUMIF($E:$E, E7, $AI:$AI) -> 0.0054210863 | AK7: 308 | AL7: =AI7/AK7 -> 545.77922 | AM7: 160800 | AN7: =Table1[[#This Row],[2019 U.S. Sales ($000)]]/SUMIF($E:$E, E7, $AM:$AM) -> 0.0045961712 | AO7: 264 | AP7: =AM7/AO7 -> 609.09091
A8: Burger King | B8: 232 | C8: LSR | D8: QSR | E8: Burger | F8: 7 | H8: =Table1[[#This Row],[2024 U.S. Sales ($000)]]/SUMIF($E:$E, E8, $G:$G) -> #DIV/0! | I8: =VLOOKUP(Table1[[#This Row],[Chain Name]],[1]Sheet1!A$3:G$26,7,0) -> #N/A | J8: =Table1[[#This Row],[2024 U.S. Sales ($000)]]/Table1[[#This Row],[2024 U.S. Units]] -> #N/A | K8: =Table1[[#This Row],[2024 U.S. Units]]/Table1[[#This Row],[2023 U.S. Units]]-1 -> #N/A | L8: =_xlfn.RRI(5,Table1[[#This Row],[2019 U.S. Sales ($000)]],Table1[[#This Row],[2024 U.S. Sales ($000)]]) -> -1 | M8: =(Table1[[#This Row],[2024 Market share (%)]]-Table1[[#This Row],[2019 Market share (%)]])*10000 -> #DIV/0! | P8: 10957000 | Q8: =Table1[[#This Row],[2023 U.S. Sales ($000)]]/SUMIF($E:$E, E8, $P:$P) -> 0.10007941 | R8: =(Table1[[#This Row],[2023 Market share (%)]]-Table1[[#This Row],[2022 Market share (%)]])*10000 -> -5.1702323 | S8: 0.066063436 | T8: 6778 | U8: =P8/T8 -> 1616.5536 | V8: -0.03748935 | W8: =_xlfn.RRI(4,AM8,P8) -> 0.017959039 | X8: =(Table1[[#This Row],[2023 Market share (%)]]-Table1[[#This Row],[2019 Market share (%)]])*10000 -> -178.74439 | Y8: =_xlfn.RRI(4,AP8,U8) -> 0.038646215 | Z8: =_xlfn.RRI(4,AO8,T8) -> -0.019917443 | AA8: 10278000 | AB8: =Table1[[#This Row],[2022 U.S. Sales ($000)]]/SUMIF($E:$E, E8, $AA:$AA) -> 0.10059643 | AC8: 7042 | AD8: =AA8/AC8 -> 1459.5285 | AE8: 10033000 | AF8: =Table1[[#This Row],[2021 U.S. Sales ($000)]]/SUMIF($E:$E, E8, $AE:$AE) -> 0.10312133 | AG8: 7105 | AH8: =AE8/AG8 -> 1412.1042 | AI8: 9657000 | AJ8: =Table1[[#This Row],[2020 U.S. Sales ($000)]]/SUMIF($E:$E, E8, $AI:$AI) -> 0.11051304 | AK8: 7081 | AL8: =AI8/AK8 -> 1363.7904 | AM8: 10204000 | AN8: =Table1[[#This Row],[2019 U.S. Sales ($000)]]/SUMIF($E:$E, E8, $AM:$AM) -> 0.11795385 | AO8: 7346 | AP8: =AM8/AO8 -> 1389.0553
A9: Subway | B9: 435 | C9: LSR | D9: QSR | E9: Sandwich | F9: 8 | H9: =Table1[[#This Row],[2024 U.S. Sales ($000)]]/SUMIF($E:$E, E9, $G:$G) -> #DIV/0! | I9: =VLOOKUP(Table1[[#This Row],[Chain Name]],[1]Sheet1!A$3:G$26,7,0) -> #N/A | J9: =Table1[[#This Row],[2024 U.S. Sales ($000)]]/Table1[[#This Row],[2024 U.S. Units]] -> #N/A | K9: =Table1[[#This Row],[2024 U.S. Units]]/Table1[[#This Row],[2023 U.S. Units]]-1 -> #N/A | L9: =_xlfn.RRI(5,Table1[[#This Row],[2019 U.S. Sales ($000)]],Table1[[#This Row],[2024 U.S. Sales ($000)]]) -> -1 | M9: =(Table1[[#This Row],[2024 Market share (%)]]-Table1[[#This Row],[2019 Market share (%)]])*10000 -> #DIV/0! | P9: 9982800 | Q9: =Table1[[#This Row],[2023 U.S. Sales ($000)]]/SUMIF($E:$E, E9, $P:$P) -> 0.26429848 | R9: =(Table1[[#This Row],[2023 Market share (%)]]-Table1[[#This Row],[2022 Market share (%)]])*10000 -> -89.181775 | S9: 0.021153846 | T9: 20133 | U9: =P9/T9 -> 495.84265 | V9: -0.021529938 | W9: =_xlfn.RRI(4,AM9,P9) -> -0.0053665753 | X9: =(Table1[[#This Row],[2023 Market share (%)]]-Table1[[#This Row],[2019 Market share (%)]])*10000 -> -479.63189 | Y9: =_xlfn.RRI(4,AP9,U9) -> 0.037111867 | Z9: =_xlfn.RRI(4,AO9,T9) -> -0.040958399 | AA9: 9776000 | AB9: =Table1[[#This Row],[2022 U.S. Sales ($000)]]/SUMIF($E:$E, E9, $AA:$AA) -> 0.27321666 | AC9: 20576 | AD9: =AA9/AC9 -> 475.11664 | AE9: 9397300 | AF9: =Table1[[#This Row],[2021 U.S. Sales ($000)]]/SUMIF($E:$E, E9, $AE:$AE) -> 0.28323758 | AG9: 21147 | AH9: =AE9/AG9 -> 444.37982 | AI9: 8318000 | AJ9: =Table1[[#This Row],[2020 U.S. Sales ($000)]]/SUMIF($E:$E, E9, $AI:$AI) -> 0.29207019 | AK9: 22190 | AL9: =AI9/AK9 -> 374.85354 | AM9: 10200000 | AN9: =Table1[[#This Row],[2019 U.S. Sales ($000)]]/SUMIF($E:$E, E9, $AM:$AM) -> 0.31226167 | AO9: 23799 | AP9: =AM9/AO9 -> 428.58944
A10: Chipotle Mexican Grill | B10: 1750 | C10: LSR | D10: FC | E10: Mexican | F10: 9 | H10: =Table1[[#This Row],[2024 U.S. Sales ($000)]]/SUMIF($E:$E, E10, $G:$G) -> #DIV/0! | I10: =VLOOKUP(Table1[[#This Row],[Chain Name]],[1]Sheet1!A$3:G$26,7,0) -> #N/A | J10: =Table1[[#This Row],[2024 U.S. Sales ($000)]]/Table1[[#This Row],[2024 U.S. Units]] -> #N/A | K10: =Table1[[#This Row],[2024 U.S. Units]]/Table1[[#This Row],[2023 U.S. Units]]-1 -> #N/A | L10: =_xlfn.RRI(5,Table1[[#This Row],[2019 U.S. Sales ($000)]],Table1[[#This Row],[2024 U.S. Sales ($000)]]) -> -1 | M10: =(Table1[[#This Row],[2024 Market share (%)]]-Table1[[#This Row],[2019 Market share (%)]])*10000 -> #DIV/0! | P10: 9804124 | Q10: =Table1[[#This Row],[2023 U.S. Sales ($000)]]/SUMIF($E:$E, E10, $P:$P) -> 0.29629696 | R10: =(Table1[[#This Row],[2023 Market share (%)]]-Table1[[#This Row],[2022 Market share (%)]])*10000 -> 137.47233 | S10: 0.14560912 | T10: 3371 | U10: =P10/T10 -> 2908.3726 | V10: 0.077341004 | W10: =_xlfn.RRI(4,AM10,P10) -> 0.15229392 | X10: =(Table1[[#This Row],[2023 Market share (%)]]-Table1[[#This Row],[2019 Market share (%)]])*10000 -> 669.07784 | Y10: =_xlfn.RRI(4,AP10,U10) -> 0.077776005 | Z10: =_xlfn.RRI(4,AO10,T10) -> 0.069140452 | AA10: 8558001 | AB10: =Table1[[#This Row],[2022 U.S. Sales ($000)]]/SUMIF($E:$E, E10, $AA:$AA) -> 0.28254973 | AC10: 3129 | AD10: =AA10/AC10 -> 2735.0594 | AE10: 7457169 | AF10: =Table1[[#This Row],[2021 U.S. Sales ($000)]]/SUMIF($E:$E, E10, $AE:$AE) -> 0.27206755 | AG10: 2918 | AH10: =AE10/AG10 -> 2555.5754 | AI10: 5920545 | AJ10: =Table1[[#This Row],[2020 U.S. Sales ($000)]]/SUMIF($E:$E, E10, $AI:$AI) -> 0.25117242 | AK10: 2724 | AL10: =AI10/AK10 -> 2173.4747 | AM10: 5561036 | AN10: =Table1[[#This Row],[2019 U.S. Sales ($000)]]/SUMIF($E:$E, E10, $AM:$AM) -> 0.22938918 | AO10: 2580 | AP10: =AM10/AO10 -> 2155.4403
A11: Domino's | B11: 808 | C11: LSR | D11: QSR | E11: Pizza | F11: 10 | H11: =Table1[[#This Row],[2024 U.S. Sales ($000)]]/SUMIF($E:$E, E11, $G:$G) -> #DIV/0! | I11: =VLOOKUP(Table1[[#This Row],[Chain Name]],[1]Sheet1!A$3:G$26,7,0) -> #N/A | J11: =Table1[[#This Row],[2024 U.S. Sales ($000)]]/Table1[[#This Row],[2024 U.S. Units]] -> #N/A | K11: =Table1[[#This Row],[2024 U.S. Units]]/Table1[[#This Row],[2023 U.S. Units]]-1 -> #N/A | L11: =_xlfn.RRI(5,Table1[[#This Row],[2019 U.S. Sales ($000)]],Table1[[#This Row],[2024 U.S. Sales ($000)]]) -> -1 | M11: =(Table1[[#This Row],[2024 Market share (%)]]-Table1[[#This Row],[2019 Market share (%)]])*10000 -> #DIV/0! | P11: 9026100 | Q11: =Table1[[#This Row],[2023 U.S. Sales ($000)]]/SUMIF($E:$E, E11, $P:$P) -> 0.29548453 | R11: =(Table1[[#This Row],[2023 Market share (%)]]-Table1[[#This Row],[2022 Market share (%)]])*10000 -> 6.5304236 | S11: 0.031353908 | T11: 6854 | U11: =P11/T11 -> 1316.9098 | V11: 0.025127131 | W11: =_xlfn.RRI(4,AM11,P11) -> 0.063932396 | X11: =(Table1[[#This Row],[2023 Market share (%)]]-Table1[[#This Row],[2019 Market share (%)]])*10000 -> 225.37354 | Y11: =_xlfn.RRI(4,AP11,U11) -> 0.034480375 | Z11: =_xlfn.RRI(4,AO11,T11) -> 0.028470353 | AA11: 8751700 | AB11: =Table1[[#This Row],[2022 U.S. Sales ($000)]]/SUMIF($E:$E, E11, $AA:$AA) -> 0.29483149 | AC11: 6686 | AD11: =AA11/AC11 -> 1308.959 | AE11: 8641400 | AF11: =Table1[[#This Row],[2021 U.S. Sales ($000)]]/SUMIF($E:$E, E11, $AE:$AE) -> 0.29727651 | AG11: 6560 | AH11: =AE11/AG11 -> 1317.2866 | AI11: 8287100 | AJ11: =Table1[[#This Row],[2020 U.S. Sales ($000)]]/SUMIF($E:$E, E11, $AI:$AI) -> 0.30617079 | AK11: 6355 | AL11: =AI11/AK11 -> 1304.0283 | AM11: 7044400 | AN11: =Table1[[#This Row],[2019 U.S. Sales ($000)]]/SUMIF($E:$E, E11, $AM:$AM) -> 0.27294717 | AO11: 6126 | AP11: =AM11/AO11 -> 1149.9184
A12: Panera Bread | B12: 540 | C12: LSR | D12: FC | E12: Sandwich | F12: 11 | H12: =Table1[[#This Row],[2024 U.S. Sales ($000)]]/SUMIF($E:$E, E12, $G:$G) -> #DIV/0! | I12: =VLOOKUP(Table1[[#This Row],[Chain Name]],[1]Sheet1!A$3:G$26,7,0) -> #N/A | J12: =Table1[[#This Row],[2024 U.S. Sales ($000)]]/Table1[[#This Row],[2024 U.S. Units]] -> #N/A | K12: =Table1[[#This Row],[2024 U.S. Units]]/Table1[[#This Row],[2023 U.S. Units]]-1 -> #N/A | L12: =_xlfn.RRI(5,Table1[[#This Row],[2019 U.S. Sales ($000)]],Table1[[#This Row],[2024 U.S. Sales ($000)]]) -> -1 | M12: =(Table1[[#This Row],[2024 Market share (%)]]-Table1[[#This Row],[2019 Market share (%)]])*10000 -> #DIV/0! | P12: 6456368 | Q12: =Table1[[#This Row],[2023 U.S. Sales ($000)]]/SUMIF($E:$E, E12, $P:$P) -> 0.17093483 | R12: =(Table1[[#This Row],[2023 Market share (%)]]-Table1[[#This Row],[2022 Market share (%)]])*10000 -> -48.980008 | S12: 0.026205369 | T12: 2178 | U12: =P12/T12 -> 2964.3563 | V12: 0.021575985 | W12: =_xlfn.RRI(4,AM12,P12) -> 0.016384949 | X12: =(Table1[[#This Row],[2023 Market share (%)]]-Table1[[#This Row],[2019 Market share (%)]])*10000 -> -142.79196 | Y12: =_xlfn.RRI(4,AP12,U12) -> 0.013808541 | Z12: =_xlfn.RRI(4,AO12,T12) -> 0.0025413166 | AA12: 6291497 | AB12: =Table1[[#This Row],[2022 U.S. Sales ($000)]]/SUMIF($E:$E, E12, $AA:$AA) -> 0.17583284 | AC12: 2132 | AD12: =AA12/AC12 -> 2950.9836 | AE12: 5632778 | AF12: =Table1[[#This Row],[2021 U.S. Sales ($000)]]/SUMIF($E:$E, E12, $AE:$AE) -> 0.1697737 | AG12: 2121 | AH12: =AE12/AG12 -> 2655.7181 | AI12: 4984200 | AJ12: =Table1[[#This Row],[2020 U.S. Sales ($000)]]/SUMIF($E:$E, E12, $AI:$AI) -> 0.17501037 | AK12: 2081 | AL12: =AI12/AK12 -> 2395.0985 | AM12: 6050000 | AN12: =Table1[[#This Row],[2019 U.S. Sales ($000)]]/SUMIF($E:$E, E12, $AM:$AM) -> 0.18521403 | AO12: 2156 | AP12: =AM12/AO12 -> 2806.1224
A13: Panda Express | B13: 906 | C13: LSR | D13: FC | E13: Asian/Noodle | F13: 12 | H13: =Table1[[#This Row],[2024 U.S. Sales ($000)]]/SUMIF($E:$E, E13, $G:$G) -> #DIV/0! | I13: =VLOOKUP(Table1[[#This Row],[Chain Name]],[1]Sheet1!A$3:G$26,7,0) -> #N/A | J13: =Table1[[#This Row],[2024 U.S. Sales ($000)]]/Table1[[#This Row],[2024 U.S. Units]] -> #N/A | K13: =Table1[[#This Row],[2024 U.S. Units]]/Table1[[#This Row],[2023 U.S. Units]]-1 -> #N/A | L13: =_xlfn.RRI(5,Table1[[#This Row],[2019 U.S. Sales ($000)]],Table1[[#This Row],[2024 U.S. Sales ($000)]]) -> -1 | M13: =(Table1[[#This Row],[2024 Market share (%)]]-Table1[[#This Row],[2019 Market share (%)]])*10000 -> #DIV/0! | P13: 5885000 | Q13: =Table1[[#This Row],[2023 U.S. Sales ($000)]]/SUMIF($E:$E, E13, $P:$P) -> 0.71261139 | R13: =(Table1[[#This Row],[2023 Market share (%)]]-Table1[[#This Row],[2022 Market share (%)]])*10000 -> 93.696698 | S13: 0.10041137 | T13: 2420 | U13: =P13/T13 -> 2431.8182 | V13: 0.026293469 | W13: =_xlfn.RRI(4,AM13,P13) -> 0.10503498 | X13: =(Table1[[#This Row],[2023 Market share (%)]]-Table1[[#This Row],[2019 Market share (%)]])*10000 -> 362.29719 | Y13: =_xlfn.RRI(4,AP13,U13) -> 0.077048702 | Z13: =_xlfn.RRI(4,AO13,T13) -> 0.025984224 | AA13: 5348000 | AB13: =Table1[[#This Row],[2022 U.S. Sales ($000)]]/SUMIF($E:$E, E13, $AA:$AA) -> 0.70324172 | AC13: 2358 | AD13: =AA13/AC13 -> 2268.0237 | AE13: 4578000 | AF13: =Table1[[#This Row],[2021 U.S. Sales ($000)]]/SUMIF($E:$E, E13, $AE:$AE) -> 0.69101699 | AG13: 2316 | AH13: =AE13/AG13 -> 1976.6839 | AI13: 3817000 | AJ13: =Table1[[#This Row],[2020 U.S. Sales ($000)]]/SUMIF($E:$E, E13, $AI:$AI) -> 0.69590691 | AK13: 2263 | AL13: =AI13/AK13 -> 1686.6991 | AM13: 3946775 | AN13: =Table1[[#This Row],[2019 U.S. Sales ($000)]]/SUMIF($E:$E, E13, $AM:$AM) -> 0.67638167 | AO13: 2184 | AP13: =AM13/AO13 -> 1807.1314
A14: Pizza Hut | B14: 325 | C14: LSR | D14: QSR | E14: Pizza | F14: 13 | H14: =Table1[[#This Row],[2024 U.S. Sales ($000)]]/SUMIF($E:$E, E14, $G:$G) -> #DIV/0! | I14: =VLOOKUP(Table1[[#This Row],[Chain Name]],[1]Sheet1!A$3:G$26,7,0) -> #N/A | J14: =Table1[[#This Row],[2024 U.S. Sales ($000)]]/Table1[[#This Row],[2024 U.S. Units]] -> #N/A | K14: =Table1[[#This Row],[2024 U.S. Units]]/Table1[[#This Row],[2023 U.S. Units]]-1 -> #N/A | L14: =_xlfn.RRI(5,Table1[[#This Row],[2019 U.S. Sales ($000)]],Table1[[#This Row],[2024 U.S. Sales ($000)]]) -> -1 | M14: =(Table1[[#This Row],[2024 Market share (%)]]-Table1[[#This Row],[2019 Market share (%)]])*10000 -> #DIV/0! | P14: 5577000 | Q14: =Table1[[#This Row],[2023 U.S. Sales ($000)]]/SUMIF($E:$E, E14, $P:$P) -> 0.18257245 | R14: =(Table1[[#This Row],[2023 Market share (%)]]-Table1[[#This Row],[2022 Market share (%)]])*10000 -> -22.762469 | S14: 0.016402406 | T14: 6593 | U14: =P14/T14 -> 845.89716 | V14: 0.0048773053 | W14: =_xlfn.RRI(4,AM14,P14) -> 0.00085353057 | X14: =(Table1[[#This Row],[2023 Market share (%)]]-Table1[[#This Row],[2019 Market share (%)]])*10000 -> -327.81643 | Y14: =_xlfn.RRI(4,AP14,U14) -> 0.026879948 | Z14: =_xlfn.RRI(4,AO14,T14) -> -0.025345142 | AA14: 5487000 | AB14: =Table1[[#This Row],[2022 U.S. Sales ($000)]]/SUMIF($E:$E, E14, $AA:$AA) -> 0.1848487 | AC14: 6561 | AD14: =AA14/AC14 -> 836.30544 | AE14: 5509000 | AF14: =Table1[[#This Row],[2021 U.S. Sales ($000)]]/SUMIF($E:$E, E14, $AE:$AE) -> 0.18951747 | AG14: 6548 | AH14: =AE14/AG14 -> 841.3256 | AI14: 5436000 | AJ14: =Table1[[#This Row],[2020 U.S. Sales ($000)]]/SUMIF($E:$E, E14, $AI:$AI) -> 0.20083557 | AK14: 6561 | AL14: =AI14/AK14 -> 828.53224 | AM14: 5558000 | AN14: =Table1[[#This Row],[2019 U.S. Sales ($000)]]/SUMIF($E:$E, E14, $AM:$AM) -> 0.2153541 | AO14: 7306 | AP14: =AM14/AO14 -> 760.74459
A15: Sonic Drive-In | B15: 536 | C15: LSR | D15: QSR | E15: Burger | F15: 14 | H15: =Table1[[#This Row],[2024 U.S. Sales ($000)]]/SUMIF($E:$E, E15, $G:$G) -> #DIV/0! | I15: =VLOOKUP(Table1[[#This Row],[Chain Name]],[1]Sheet1!A$3:G$26,7,0) -> #N/A | J15: =Table1[[#This Row],[2024 U.S. Sales ($000)]]/Table1[[#This Row],[2024 U.S. Units]] -> #N/A | K15: =Table1[[#This Row],[2024 U.S. Units]]/Table1[[#This Row],[2023 U.S. Units]]-1 -> #N/A | L15: =_xlfn.RRI(5,Table1[[#This Row],[2019 U.S. Sales ($000)]],Table1[[#This Row],[2024 U.S. Sales ($000)]]) -> -1 | M15: =(Table1[[#This Row],[2024 Market share (%)]]-Table1[[#This Row],[2019 Market share (%)]])*10000 -> #DIV/0! | P15: 5533582 | Q15: =Table1[[#This Row],[2023 U.S. Sales ($000)]]/SUMIF($E:$E, E15, $P:$P) -> 0.050542815 | R15: =(Table1[[#This Row],[2023 Market share (%)]]-Table1[[#This Row],[2022 Market share (%)]])*10000 -> -32.800158 | S15: 0.0062682848 | T15: 3521 | U15: =P15/T15 -> 1571.5939 | V15: -0.0070501974 | W15: =_xlfn.RRI(4,AM15,P15) -> 0.042365923 | X15: =(Table1[[#This Row],[2023 Market share (%)]]-Table1[[#This Row],[2019 Market share (%)]])*10000 -> -36.407031 | Y15: =_xlfn.RRI(4,AP15,U15) -> 0.042735779 | Z15: =_xlfn.RRI(4,AO15,T15) -> -0.00035469803 | AA15: 5499112 | AB15: =Table1[[#This Row],[2022 U.S. Sales ($000)]]/SUMIF($E:$E, E15, $AA:$AA) -> 0.053822831 | AC15: 3546 | AD15: =AA15/AC15 -> 1550.793 | AE15: 5835448 | AF15: =Table1[[#This Row],[2021 U.S. Sales ($000)]]/SUMIF($E:$E, E15, $AE:$AE) -> 0.059977991 | AG15: 3552 | AH15: =AE15/AG15 -> 1642.8626 | AI15: 5680323 | AJ15: =Table1[[#This Row],[2020 U.S. Sales ($000)]]/SUMIF($E:$E, E15, $AI:$AI) -> 0.065004634 | AK15: 3526 | AL15: =AI15/AK15 -> 1610.9821 | AM15: 4687330 | AN15: =Table1[[#This Row],[2019 U.S. Sales ($000)]]/SUMIF($E:$E, E15, $AM:$AM) -> 0.054183518 | AO15: 3526 | AP15: =AM15/AO15 -> 1329.3619
A16: Popeyes | B16: 526 | C16: LSR | D16: QSR | E16: Chicken | F16: 15 | H16: =Table1[[#This Row],[2024 U.S. Sales ($000)]]/SUMIF($E:$E, E16, $G:$G) -> #DIV/0! | I16: =VLOOKUP(Table1[[#This Row],[Chain Name]],[1]Sheet1!A$3:G$26,7,0) -> #N/A | J16: =Table1[[#This Row],[2024 U.S. Sales ($000)]]/Table1[[#This Row],[2024 U.S. Units]] -> #N/A | K16: =Table1[[#This Row],[2024 U.S. Units]]/Table1[[#This Row],[2023 U.S. Units]]-1 -> #N/A | L16: =_xlfn.RRI(5,Table1[[#This Row],[2019 U.S. Sales ($000)]],Table1[[#This Row],[2024 U.S. Sales ($000)]]) -> -1 | M16: =(Table1[[#This Row],[2024 Market share (%)]]-Table1[[#This Row],[2019 Market share (%)]])*10000 -> #DIV/0! | P16: 5511000 | Q16: =Table1[[#This Row],[2023 U.S. Sales ($000)]]/SUMIF($E:$E, E16, $P:$P) -> 0.11250907 | R16: =(Table1[[#This Row],[2023 Market share (%)]]-Table1[[#This Row],[2022 Market share (%)]])*10000 -> -21.091951 | S16: 0.1019796 | T16: 3051 | U16: =P16/T16 -> 1806.293 | V16: 0.044505306 | W16: =_xlfn.RRI(4,AM16,P16) -> 0.096527126 | X16: =(Table1[[#This Row],[2023 Market share (%)]]-Table1[[#This Row],[2019 Market share (%)]])*10000 -> -116.61727 | Y16: =_xlfn.RRI(4,AP16,U16) -> 0.040750164 | Z16: =_xlfn.RRI(4,AO16,T16) -> 0.053593037 | AA16: 5001000 | AB16: =Table1[[#This Row],[2022 U.S. Sales ($000)]]/SUMIF($E:$E, E16, $AA:$AA) -> 0.11461827 | AC16: 2921 | AD16: =AA16/AC16 -> 1712.0849 | AE16: 4775000 | AF16: =Table1[[#This Row],[2021 U.S. Sales ($000)]]/SUMIF($E:$E, E16, $AE:$AE) -> 0.12145533 | AG16: 2754 | AH16: =AE16/AG16 -> 1733.8417 | AI16: 4587000 | AJ16: =Table1[[#This Row],[2020 U.S. Sales ($000)]]/SUMIF($E:$E, E16, $AI:$AI) -> 0.13563253 | AK16: 2609 | AL16: =AI16/AK16 -> 1758.1449 | AM16: 3812000 | AN16: =Table1[[#This Row],[2019 U.S. Sales ($000)]]/SUMIF($E:$E, E16, $AM:$AM) -> 0.1241708 | AO16: 2476 | AP16: =AM16/AO16 -> 1539.58
A17: KFC | B17: 516 | C17: LSR | D17: QSR | E17: Chicken | F17: 16 | H17: =Table1[[#This Row],[2024 U.S. Sales ($000)]]/SUMIF($E:$E, E17, $G:$G) -> #DIV/0! | I17: =VLOOKUP(Table1[[#This Row],[Chain Name]],[1]Sheet1!A$3:G$26,7,0) -> #N/A | J17: =Table1[[#This Row],[2024 U.S. Sales ($000)]]/Table1[[#This Row],[2024 U.S. Units]] -> #N/A | K17: =Table1[[#This Row],[2024 U.S. Units]]/Table1[[#This Row],[2023 U.S. Units]]-1 -> #N/A | L17: =_xlfn.RRI(5,Table1[[#This Row],[2019 U.S. Sales ($000)]],Table1[[#This Row],[2024 U.S. Sales ($000)]]) -> -1 | M17: =(Table1[[#This Row],[2024 Market share (%)]]-Table1[[#This Row],[2019 Market share (%)]])*10000 -> #DIV/0! | P17: 5176000 | Q17: =Table1[[#This Row],[2023 U.S. Sales ($000)]]/SUMIF($E:$E, E17, $P:$P) -> 0.10566993 | R17: =(Table1[[#This Row],[2023 Market share (%)]]-Table1[[#This Row],[2022 Market share (%)]])*10000 -> -109.19382 | S17: 0.017495577 | T17: 3791 | U17: =P17/T17 -> 1365.339 | V17: -0.032414497 | W17: =_xlfn.RRI(4,AM17,P17) -> 0.032978326 | X17: =(Table1[[#This Row],[2023 Market share (%)]]-Table1[[#This Row],[2019 Market share (%)]])*10000 -> -424.09942 | Y17: =_xlfn.RRI(4,AP17,U17) -> 0.051157759 | Z17: =_xlfn.RRI(4,AO17,T17) -> -0.017294677 | AA17: 5087000 | AB17: =Table1[[#This Row],[2022 U.S. Sales ($000)]]/SUMIF($E:$E, E17, $AA:$AA) -> 0.11658931 | AC17: 3918 | AD17: =AA17/AC17 -> 1298.3665 | AE17: 5079000 | AF17: =Table1[[#This Row],[2021 U.S. Sales ($000)]]/SUMIF($E:$E, E17, $AE:$AE) -> 0.12918777 | AG17: 3953 | AH17: =AE17/AG17 -> 1284.847 | AI17: 4742000 | AJ17: =Table1[[#This Row],[2020 U.S. Sales ($000)]]/SUMIF($E:$E, E17, $AI:$AI) -> 0.14021571 | AK17: 3943 | AL17: =AI17/AK17 -> 1202.6376 | AM17: 4546000 | AN17: =Table1[[#This Row],[2019 U.S. Sales ($000)]]/SUMIF($E:$E, E17, $AM:$AM) -> 0.14807987 | AO17: 4065 | AP17: =AM17/AO17 -> 1118.3272
A18: Olive Garden | B18: 433 | C18: FSR | D18: CDR | E18: Italian/Pizza | F18: 17 | H18: =Table1[[#This Row],[2024 U.S. Sales ($000)]]/SUMIF($E:$E, E18, $G:$G) -> #DIV/0! | I18: =VLOOKUP(Table1[[#This Row],[Chain Name]],[1]Sheet1!A$3:G$26,7,0) -> #N/A | J18: =Table1[[#This Row],[2024 U.S. Sales ($000)]]/Table1[[#This Row],[2024 U.S. Units]] -> #N/A | K18: =Table1[[#This Row],[2024 U.S. Units]]/Table1[[#This Row],[2023 U.S. Units]]-1 -> #N/A | L18: =_xlfn.RRI(5,Table1[[#This Row],[2019 U.S. Sales ($000)]],Table1[[#This Row],[2024 U.S. Sales ($000)]]) -> -1 | M18: =(Table1[[#This Row],[2024 Market share (%)]]-Table1[[#This Row],[2019 Market share (%)]])*10000 -> #DIV/0! | P18: 5112400 | Q18: =Table1[[#This Row],[2023 U.S. Sales ($000)]]/SUMIF($E:$E, E18, $P:$P) -> 0.53198735 | R18: =(Table1[[#This Row],[2023 Market share (%)]]-Table1[[#This Row],[2022 Market share (%)]])*10000 -> 205.47069 | S18: 0.088439429 | T18: 908 | U18: =P18/T18 -> 5630.3965 | V18: 0.02367531 | W18: =_xlfn.RRI(4,AM18,P18) -> 0.039471222 | X18: =(Table1[[#This Row],[2023 Market share (%)]]-Table1[[#This Row],[2019 Market share (%)]])*10000 -> 519.01429 | Z18: =_xlfn.RRI(4,AO18,T18) -> 0.011910236 | AA18: 4697000 | AB18: =Table1[[#This Row],[2022 U.S. Sales ($000)]]/SUMIF($E:$E, E18, $AA:$AA) -> 0.51144028 | AC18: 887 | AD18: =AA18/AC18 -> 5295.3777 | AE18: 4181700 | AF18: =Table1[[#This Row],[2021 U.S. Sales ($000)]]/SUMIF($E:$E, E18, $AE:$AE) -> 0.49940037 | AG18: 876 | AH18: =AE18/AG18 -> 4773.6301 | AI18: 3544400 | AJ18: =Table1[[#This Row],[2020 U.S. Sales ($000)]]/SUMIF($E:$E, E18, $AI:$AI) -> 0.51376463 | AK18: 868 | AL18: =AI18/AK18 -> 4083.4101 | AM18: 4379000 | AN18: =Table1[[#This Row],[2019 U.S. Sales ($000)]]/SUMIF($E:$E, E18, $AM:$AM) -> 0.48008592 | AO18: 866 | AP18: =AM18/AO18 -> 5056.582
A19: Dairy Queen | B19: 491 | C19: LSR | D19: QSR | E19: Frozen Desserts | F19: 18 | H19: =Table1[[#This Row],[2024 U.S. Sales ($000)]]/SUMIF($E:$E, E19, $G:$G) -> #DIV/0! | I19: =VLOOKUP(Table1[[#This Row],[Chain Name]],[1]Sheet1!A$3:G$26,7,0) -> #N/A | J19: =Table1[[#This Row],[2024 U.S. Sales ($000)]]/Table1[[#This Row],[2024 U.S. Units]] -> #N/A | K19: =Table1[[#This Row],[2024 U.S. Units]]/Table1[[#This Row],[2023 U.S. Units]]-1 -> #N/A | L19: =_xlfn.RRI(5,Table1[[#This Row],[2019 U.S. Sales ($000)]],Table1[[#This Row],[2024 U.S. Sales ($000)]]) -> -1 | M19: =(Table1[[#This Row],[2024 Market share (%)]]-Table1[[#This Row],[2019 Market share (%)]])*10000 -> #DIV/0! | P19: 4967664 | Q19: =Table1[[#This Row],[2023 U.S. Sales ($000)]]/SUMIF($E:$E, E19, $P:$P) -> 0.61225118 | R19: =(Table1[[#This Row],[2023 Market share (%)]]-Table1[[#This Row],[2022 Market share (%)]])*10000 -> 41.199828 | S19: 0.084866163 | T19: 4254 | U19: =P19/T19 -> 1167.763 | V19: -0.012305549 | W19: =_xlfn.RRI(4,AM19,P19) -> 0.07208879 | X19: =(Table1[[#This Row],[2023 Market share (%)]]-Table1[[#This Row],[2019 Market share (%)]])*10000 -> 199.90281 | Y19: =_xlfn.RRI(4,AP19,U19) -> 0.080002341 | Z19: =_xlfn.RRI(4,AO19,T19) -> -0.0073273462 | AA19: 4579057 | AB19: =Table1[[#This Row],[2022 U.S. Sales ($000)]]/SUMIF($E:$E, E19, $AA:$AA) -> 0.60813119 | AC19: 4307 | AD19: =AA19/AC19 -> 1063.1662 | AE19: 4493655 | AF19: =Table1[[#This Row],[2021 U.S. Sales ($000)]]/SUMIF($E:$E, E19, $AE:$AE) -> 0.61548048 | AG19: 4339 | AH19: =AE19/AG19 -> 1035.643 | AI19: 3981900 | AJ19: =Table1[[#This Row],[2020 U.S. Sales ($000)]]/SUMIF($E:$E, E19, $AI:$AI) -> 0.62312467 | AK19: 4361 | AL19: =AI19/AK19 -> 913.0704 | AM19: 3760358 | AN19: =Table1[[#This Row],[2019 U.S. Sales ($000)]]/SUMIF($E:$E, E19, $AM:$AM) -> 0.5922609 | AO19: 4381 | AP19: =AM19/AO19 -> 858.33326
A20: Texas Roadhouse | B20: 2403 | C20: FSR | D20: CDR | E20: Steak | F20: 19 | H20: =Table1[[#This Row],[2024 U.S. Sales ($000)]]/SUMIF($E:$E, E20, $G:$G) -> #DIV/0! | I20: =VLOOKUP(Table1[[#This Row],[Chain Name]],[1]Sheet1!A$3:G$26,7,0) -> #N/A | J20: =Table1[[#This Row],[2024 U.S. Sales ($000)]]/Table1[[#This Row],[2024 U.S. Units]] -> #N/A | K20: =Table1[[#This Row],[2024 U.S. Units]]/Table1[[#This Row],[2023 U.S. Units]]-1 -> #N/A | L20: =_xlfn.RRI(5,Table1[[#This Row],[2019 U.S. Sales ($000)]],Table1[[#This Row],[2024 U.S. Sales ($000)]]) -> -1 | M20: =(Table1[[#This Row],[2024 Market share (%)]]-Table1[[#This Row],[2019 Market share (%)]])*10000 -> #DIV/0! | P20: 4783923 | Q20: =Table1[[#This Row],[2023 U.S. Sales ($000)]]/SUMIF($E:$E, E20, $P:$P) -> 0.29964754 | R20: =(Table1[[#This Row],[2023 Market share (%)]]-Table1[[#This Row],[2022 Market share (%)]])*10000 -> 124.60386 | S20: 0.13849148 | T20: 638 | U20: =P20/T20 -> 7498.3119 | V20: 0.039087948 | W20: =_xlfn.RRI(4,AM20,P20) -> 0.1222061 | X20: =(Table1[[#This Row],[2023 Market share (%)]]-Table1[[#This Row],[2019 Market share (%)]])*10000 -> 590.81675 | Z20: =_xlfn.RRI(4,AO20,T20) -> 0.036391606 | AA20: 4201984 | AB20: =Table1[[#This Row],[2022 U.S. Sales ($000)]]/SUMIF($E:$E, E20, $AA:$AA) -> 0.28718715 | AC20: 614 | AD20: =AA20/AC20 -> 6843.6221 | AE20: 3713089 | AF20: =Table1[[#This Row],[2021 U.S. Sales ($000)]]/SUMIF($E:$E, E20, $AE:$AE) -> 0.28567816 | AG20: 596 | AH20: =AE20/AG20 -> 6230.0151 | AI20: 2615115 | AJ20: =Table1[[#This Row],[2020 U.S. Sales ($000)]]/SUMIF($E:$E, E20, $AI:$AI) -> 0.27845546 | AK20: 572 | AL20: =AI20/AK20 -> 4571.8794 | AM20: 3016433 | AN20: =Table1[[#This Row],[2019 U.S. Sales ($000)]]/SUMIF($E:$E, E20, $AM:$AM) -> 0.24056586 | AO20: 553 | AP20: =AM20/AO20 -> 5454.6709
A21: Arby's | B21: 463 | C21: LSR | D21: QSR | E21: Sandwich | F21: 20 | H21: =Table1[[#This Row],[2024 U.S. Sales ($000)]]/SUMIF($E:$E, E21, $G:$G) -> #DIV/0! | I21: =VLOOKUP(Table1[[#This Row],[Chain Name]],[1]Sheet1!A$3:G$26,7,0) -> #N/A | J21: =Table1[[#This Row],[2024 U.S. Sales ($000)]]/Table1[[#This Row],[2024 U.S. Units]] -> #N/A | K21: =Table1[[#This Row],[2024 U.S. Units]]/Table1[[#This Row],[2023 U.S. Units]]-1 -> #N/A | L21: =_xlfn.RRI(5,Table1[[#This Row],[2019 U.S. Sales ($000)]],Table1[[#This Row],[2024 U.S. Sales ($000)]]) -> -1 | M21: =(Table1[[#This Row],[2024 Market share (%)]]-Table1[[#This Row],[2019 Market share (%)]])*10000 -> #DIV/0! | P21: 4616904 | Q21: =Table1[[#This Row],[2023 U.S. Sales ($000)]]/SUMIF($E:$E, E21, $P:$P) -> 0.12223432 | R21: =(Table1[[#This Row],[2023 Market share (%)]]-Table1[[#This Row],[2022 Market share (%)]])*10000 -> -45.165277 | S21: 0.01799577 | T21: 3413 | U21: =P21/T21 -> 1352.7407 | V21: -0.00058565154 | W21: =_xlfn.RRI(4,AM21,P21) -> 0.044111652 | X21: =(Table1[[#This Row],[2023 Market share (%)]]-Table1[[#This Row],[2019 Market share (%)]])*10000 -> 33.070085 | Y21: =_xlfn.RRI(4,AP21,U21) -> 0.039956973 | Z21: =_xlfn.RRI(4,AO21,T21) -> 0.0039950488 | AA21: 4535288 | AB21: =Table1[[#This Row],[2022 U.S. Sales ($000)]]/SUMIF($E:$E, E21, $AA:$AA) -> 0.12675084 | AC21: 3415 | AD21: =AA21/AC21 -> 1328.0492 | AE21: 4462374 | AF21: =Table1[[#This Row],[2021 U.S. Sales ($000)]]/SUMIF($E:$E, E21, $AE:$AE) -> 0.13449736 | AG21: 3409 | AH21: =AE21/AG21 -> 1308.9979 | AI21: 4214876 | AJ21: =Table1[[#This Row],[2020 U.S. Sales ($000)]]/SUMIF($E:$E, E21, $AI:$AI) -> 0.14799707 | AK21: 3369 | AL21: =AI21/AK21 -> 1251.0763 | AM21: 3884750 | AN21: =Table1[[#This Row],[2019 U.S. Sales ($000)]]/SUMIF($E:$E, E21, $AM:$AM) -> 0.11892731 | AO21: 3359 | AP21: =AM21/AO21 -> 1156.5198
A22: Little Caesars | B22: 821 | C22: LSR | D22: QSR | E22: Pizza | F22: 21 | H22: =Table1[[#This Row],[2024 U.S. Sales ($000)]]/SUMIF($E:$E, E22, $G:$G) -> #DIV/0! | I22: =VLOOKUP(Table1[[#This Row],[Chain Name]],[1]Sheet1!A$3:G$26,7,0) -> #N/A | J22: =Table1[[#This Row],[2024 U.S. Sales ($000)]]/Table1[[#This Row],[2024 U.S. Units]] -> #N/A | K22: =Table1[[#This Row],[2024 U.S. Units]]/Table1[[#This Row],[2023 U.S. Units]]-1 -> #N/A | L22: =_xlfn.RRI(5,Table1[[#This Row],[2019 U.S. Sales ($000)]],Table1[[#This Row],[2024 U.S. Sales ($000)]]) -> -1 | M22: =(Table1[[#This Row],[2024 Market share (%)]]-Table1[[#This Row],[2019 Market share (%)]])*10000 -> #DIV/0! | P22: 4451200 | Q22: =Table1[[#This Row],[2023 U.S. Sales ($000)]]/SUMIF($E:$E, E22, $P:$P) -> 0.1457175 | R22: =(Table1[[#This Row],[2023 Market share (%)]]-Table1[[#This Row],[2022 Market share (%)]])*10000 -> 7.7954549 | S22: 0.034609395 | T22: 4217 | U22: =P22/T22 -> 1055.5371 | V22: 0.010543973 | W22: =_xlfn.RRI(4,AM22,P22) -> 0.039393026 | X22: =(Table1[[#This Row],[2023 Market share (%)]]-Table1[[#This Row],[2019 Market share (%)]])*10000 -> -20.546208 | Y22: =_xlfn.RRI(4,AP22,U22) -> 0.039208119 | Z22: =_xlfn.RRI(4,AO22,T22) -> 0.00017793067 | AA22: 4302300 | AB22: =Table1[[#This Row],[2022 U.S. Sales ($000)]]/SUMIF($E:$E, E22, $AA:$AA) -> 0.14493796 | AC22: 4173 | AD22: =AA22/AC22 -> 1030.9849 | AE22: 4233500 | AF22: =Table1[[#This Row],[2021 U.S. Sales ($000)]]/SUMIF($E:$E, E22, $AE:$AE) -> 0.14563845 | AG22: 4181 | AH22: =AE22/AG22 -> 1012.5568 | AI22: 3985000 | AJ22: =Table1[[#This Row],[2020 U.S. Sales ($000)]]/SUMIF($E:$E, E22, $AI:$AI) -> 0.14722769 | AK22: 4209 | AL22: =AI22/AK22 -> 946.78071 | AM22: 3813800 | AN22: =Table1[[#This Row],[2019 U.S. Sales ($000)]]/SUMIF($E:$E, E22, $AM:$AM) -> 0.14777212 | AO22: 4214 | AP22: =AM22/AO22 -> 905.03085
A23: Jack in the Box | B23: 514 | C23: LSR | D23: QSR | E23: Burger | F23: 22 | H23: =Table1[[#This Row],[2024 U.S. Sales ($000)]]/SUMIF($E:$E, E23, $G:$G) -> #DIV/0! | I23: =VLOOKUP(Table1[[#This Row],[Chain Name]],[1]Sheet1!A$3:G$26,7,0) -> #N/A | J23: =Table1[[#This Row],[2024 U.S. Sales ($000)]]/Table1[[#This Row],[2024 U.S. Units]] -> #N/A | K23: =Table1[[#This Row],[2024 U.S. Units]]/Table1[[#This Row],[2023 U.S. Units]]-1 -> #N/A | L23: =_xlfn.RRI(5,Table1[[#This Row],[2019 U.S. Sales ($000)]],Table1[[#This Row],[2024 U.S. Sales ($000)]]) -> -1 | M23: =(Table1[[#This Row],[2024 Market share (%)]]-Table1[[#This Row],[2019 Market share (%)]])*10000 -> #DIV/0! | P23: 4419733 | Q23: =Table1[[#This Row],[2023 U.S. Sales ($000)]]/SUMIF($E:$E, E23, $P:$P) -> 0.040369104 | R23: =(Table1[[#This Row],[2023 Market share (%)]]-Table1[[#This Row],[2022 Market share (%)]])*10000 -> 1.32077 | S23: 0.075088262 | T23: 2186 | U23: =P23/T23 -> 2021.8358 | V23: 0.0022925264 | W23: =_xlfn.RRI(4,AM23,P23) -> 0.059706163 | X23: =(Table1[[#This Row],[2023 Market share (%)]]-Table1[[#This Row],[2019 Market share (%)]])*10000 -> -1.4403219 | Y23: =_xlfn.RRI(4,AP23,U23) -> 0.066547591 | Z23: =_xlfn.RRI(4,AO23,T23) -> -0.0064145548 | AA23: 4111042 | AB23: =Table1[[#This Row],[2022 U.S. Sales ($000)]]/SUMIF($E:$E, E23, $AA:$AA) -> 0.040237027 | AC23: 2181 | AD23: =AA23/AC23 -> 1884.9344 | AE23: 4155340 | AF23: =Table1[[#This Row],[2021 U.S. Sales ($000)]]/SUMIF($E:$E, E23, $AE:$AE) -> 0.042709479 | AG23: 2218 | AH23: =AE23/AG23 -> 1873.4626 | AI23: 3672732 | AJ23: =Table1[[#This Row],[2020 U.S. Sales ($000)]]/SUMIF($E:$E, E23, $AI:$AI) -> 0.04203011 | AK23: 2241 | AL23: =AI23/AK23 -> 1638.8809 | AM23: 3504727 | AN23: =Table1[[#This Row],[2019 U.S. Sales ($000)]]/SUMIF($E:$E, E23, $AM:$AM) -> 0.040513136 | AO23: 2243 | AP23: =AM23/AO23 -> 1562.5176
A24: Applebee's | B24: 1029 | C24: FSR | D24: CDR | E24: Varied Menu | F24: 23 | H24: =Table1[[#This Row],[2024 U.S. Sales ($000)]]/SUMIF($E:$E, E24, $G:$G) -> #DIV/0! | I24: =VLOOKUP(Table1[[#This Row],[Chain Name]],[1]Sheet1!A$3:G$26,7,0) -> #N/A | J24: =Table1[[#This Row],[2024 U.S. Sales ($000)]]/Table1[[#This Row],[2024 U.S. Units]] -> #N/A | K24: =Table1[[#This Row],[2024 U.S. Units]]/Table1[[#This Row],[2023 U.S. Units]]-1 -> #N/A | L24: =_xlfn.RRI(5,Table1[[#This Row],[2019 U.S. Sales ($000)]],Table1[[#This Row],[2024 U.S. Sales ($000)]]) -> -1 | M24: =(Table1[[#This Row],[2024 Market share (%)]]-Table1[[#This Row],[2019 Market share (%)]])*10000 -> #DIV/0! | P24: 4356600 | Q24: =Table1[[#This Row],[2023 U.S. Sales ($000)]]/SUMIF($E:$E, E24, $P:$P) -> 0.18060178 | R24: =(Table1[[#This Row],[2023 Market share (%)]]-Table1[[#This Row],[2022 Market share (%)]])*10000 -> -48.825699 | S24: -0.0012379642 | T24: 1536 | U24: =P24/T24 -> 2836.3281 | V24: -0.021032505 | W24: =_xlfn.RRI(4,AM24,P24) -> 0.016191641 | X24: =(Table1[[#This Row],[2023 Market share (%)]]-Table1[[#This Row],[2019 Market share (%)]])*10000 -> 17.024499 | Z24: =_xlfn.RRI(4,AO24,T24) -> -0.019959001 | AA24: 4362000 | AB24: =Table1[[#This Row],[2022 U.S. Sales ($000)]]/SUMIF($E:$E, E24, $AA:$AA) -> 0.18548435 | AC24: 1569 | AD24: =AA24/AC24 -> 2780.1147 | AE24: 4167700 | AF24: =Table1[[#This Row],[2021 U.S. Sales ($000)]]/SUMIF($E:$E, E24, $AE:$AE) -> 0.19188213 | AG24: 1578 | AH24: =AE24/AG24 -> 2641.128 | AI24: 3101000 | AJ24: =Table1[[#This Row],[2020 U.S. Sales ($000)]]/SUMIF($E:$E, E24, $AI:$AI) -> 0.19017193 | AK24: 1598 | AL24: =AI24/AK24 -> 1940.5507 | AM24: 4085500 | AN24: =Table1[[#This Row],[2019 U.S. Sales ($000)]]/SUMIF($E:$E, E24, $AM:$AM) -> 0.17889933 | AO24: 1665 | AP24: =AM24/AO24 -> 2453.7538
A25: Chili's Grill & Bar | B25: 482 | C25: FSR | D25: CDR | E25: Varied Menu | F25: 24 | H25: =Table1[[#This Row],[2024 U.S. Sales ($000)]]/SUMIF($E:$E, E25, $G:$G) -> #DIV/0! | I25: =VLOOKUP(Table1[[#This Row],[Chain Name]],[1]Sheet1!A$3:G$26,7,0) -> #N/A | J25: =Table1[[#This Row],[2024 U.S. Sales ($000)]]/Table1[[#This Row],[2024 U.S. Units]] -> #N/A | K25: =Table1[[#This Row],[2024 U.S. Units]]/Table1[[#This Row],[2023 U.S. Units]]-1 -> #N/A | L25: =_xlfn.RRI(5,Table1[[#This Row],[2019 U.S. Sales ($000)]],Table1[[#This Row],[2024 U.S. Sales ($000)]]) -> -1 | M25: =(Table1[[#This Row],[2024 Market share (%)]]-Table1[[#This Row],[2019 Market share (%)]])*10000 -> #DIV/0! | P25: 4023300 | Q25: =Table1[[#This Row],[2023 U.S. Sales ($000)]]/SUMIF($E:$E, E25, $P:$P) -> 0.16678491 | R25: =(Table1[[#This Row],[2023 Market share (%)]]-Table1[[#This Row],[2022 Market share (%)]])*10000 -> 58.74473 | S25: 0.06321186 | T25: 1230 | U25: =P25/T25 -> 3270.9756 | V25: 0.0024449878 | W25: =_xlfn.RRI(4,AM25,P25) -> 0.043979102 | X25: =(Table1[[#This Row],[2023 Market share (%)]]-Table1[[#This Row],[2019 Market share (%)]])*10000 -> 184.72089 | Z25: =_xlfn.RRI(4,AO25,T25) -> -0.002022255 | AA25: 3784100 | AB25: =Table1[[#This Row],[2022 U.S. Sales ($000)]]/SUMIF($E:$E, E25, $AA:$AA) -> 0.16091044 | AC25: 1227 | AD25: =AA25/AC25 -> 3084.0261 | AE25: 3585800 | AF25: =Table1[[#This Row],[2021 U.S. Sales ($000)]]/SUMIF($E:$E, E25, $AE:$AE) -> 0.16509128 | AG25: 1234 | AH25: =AE25/AG25 -> 2905.8347 | AI25: 2930000 | AJ25: =Table1[[#This Row],[2020 U.S. Sales ($000)]]/SUMIF($E:$E, E25, $AI:$AI) -> 0.17968519 | AK25: 1232 | AL25: =AI25/AK25 -> 2378.2468 | AM25: 3387000 | AN25: =Table1[[#This Row],[2019 U.S. Sales ($000)]]/SUMIF($E:$E, E25, $AM:$AM) -> 0.14831282 | AO25: 1240 | AP25: =AM25/AO25 -> 2731.4516
A26: Buffalo Wild Wings | B26: 1588 | C26: FSR | D26: CDR | E26: Sports Bar | F26: 25 | H26: =Table1[[#This Row],[2024 U.S. Sales ($000)]]/SUMIF($E:$E, E26, $G:$G) -> #DIV/0! | I26: =VLOOKUP(Table1[[#This Row],[Chain Name]],[1]Sheet1!A$3:G$26,7,0) -> #N/A | J26: =Table1[[#This Row],[2024 U.S. Sales ($000)]]/Table1[[#This Row],[2024 U.S. Units]] -> #N/A | K26: =Table1[[#This Row],[2024 U.S. Units]]/Table1[[#This Row],[2023 U.S. Units]]-1 -> #N/A | L26: =_xlfn.RRI(5,Table1[[#This Row],[2019 U.S. Sales ($000)]],Table1[[#This Row],[2024 U.S. Sales ($000)]]) -> -1 | M26: =(Table1[[#This Row],[2024 Market share (%)]]-Table1[[#This Row],[2019 Market share (%)]])*10000 -> #DIV/0! | P26: 3958425 | Q26: =Table1[[#This Row],[2023 U.S. Sales ($000)]]/SUMIF($E:$E, E26, $P:$P) -> 0.40595463 | R26: =(Table1[[#This Row],[2023 Market share (%)]]-Table1[[#This Row],[2022 Market share (%)]])*10000 -> -145.74108 | S26: 0.0053336903 | T26: 1264 | U26: =P26/T26 -> 3131.6653 | V26: 0.017713366 | W26: =_xlfn.RRI(4,AM26,P26) -> 0.019124182 | X26: =(Table1[[#This Row],[2023 Market share (%)]]-Table1[[#This Row],[2019 Market share (%)]])*10000 -> -227.89789 | Z26: =_xlfn.RRI(4,AO26,T26) -> 0.01181227 | AA26: 3937424 | AB26: =Table1[[#This Row],[2022 U.S. Sales ($000)]]/SUMIF($E:$E, E26, $AA:$AA) -> 0.42052873 | AC26: 1242 | AD26: =AA26/AC26 -> 3170.2287 | AE26: 3740250 | AF26: =Table1[[#This Row],[2021 U.S. Sales ($000)]]/SUMIF($E:$E, E26, $AE:$AE) -> 0.43855597 | AG26: 1212 | AH26: =AE26/AG26 -> 3086.0149 | AI26: 3163919 | AJ26: =Table1[[#This Row],[2020 U.S. Sales ($000)]]/SUMIF($E:$E, E26, $AI:$AI) -> 0.47753282 | AK26: 1170 | AL26: =AI26/AK26 -> 2704.2043 | AM26: 3669560 | AN26: =Table1[[#This Row],[2019 U.S. Sales ($000)]]/SUMIF($E:$E, E26, $AM:$AM) -> 0.42874442 | AO26: 1206 | AP26: =AM26/AO26 -> 3042.7529
A27: Papa Johns | B27: 834 | C27: LSR | D27: QSR | E27: Pizza | F27: 26 | H27: =Table1[[#This Row],[2024 U.S. Sales ($000)]]/SUMIF($E:$E, E27, $G:$G) -> #DIV/0! | I27: =VLOOKUP(Table1[[#This Row],[Chain Name]],[1]Sheet1!A$3:G$26,7,0) -> #N/A | J27: =Table1[[#This Row],[2024 U.S. Sales ($000)]]/Table1[[#This Row],[2024 U.S. Units]] -> #N/A | K27: =Table1[[#This Row],[2024 U.S. Units]]/Table1[[#This Row],[2023 U.S. Units]]-1 -> #N/A | L27: =_xlfn.RRI(5,Table1[[#This Row],[2019 U.S. Sales ($000)]],Table1[[#This Row],[2024 U.S. Sales ($000)]]) -> -1 | M27: =(Table1[[#This Row],[2024 Market share (%)]]-Table1[[#This Row],[2019 Market share (%)]])*10000 -> #DIV/0! | P27: 3816400 | Q27: =Table1[[#This Row],[2023 U.S. Sales ($000)]]/SUMIF($E:$E, E27, $P:$P) -> 0.12493626 | R27: =(Table1[[#This Row],[2023 Market share (%)]]-Table1[[#This Row],[2022 Market share (%)]])*10000 -> 3.4277651 | S27: 0.031905689 | T27: 3220 | U27: =P27/T27 -> 1185.2174 | V27: 0.012578616 | W27: =_xlfn.RRI(4,AM27,P27) -> 0.083695471 | X27: =(Table1[[#This Row],[2023 Market share (%)]]-Table1[[#This Row],[2019 Market share (%)]])*10000 -> 177.20295 | Y27: =_xlfn.RRI(4,AP27,U27) -> 0.077072247 | Z27: =_xlfn.RRI(4,AO27,T27) -> 0.0061492846 | AA27: 3698400 | AB27: =Table1[[#This Row],[2022 U.S. Sales ($000)]]/SUMIF($E:$E, E27, $AA:$AA) -> 0.12459348 | AC27: 3180 | AD27: =AA27/AC27 -> 1163.0189 | AE27: 3614300 | AF27: =Table1[[#This Row],[2021 U.S. Sales ($000)]]/SUMIF($E:$E, E27, $AE:$AE) -> 0.12433708 | AG27: 3164 | AH27: =AE27/AG27 -> 1142.3198 | AI27: 3210800 | AJ27: =Table1[[#This Row],[2020 U.S. Sales ($000)]]/SUMIF($E:$E, E27, $AI:$AI) -> 0.11862451 | AK27: 3134 | AL27: =AI27/AK27 -> 1024.5054 | AM27: 2767100 | AN27: =Table1[[#This Row],[2019 U.S. Sales ($000)]]/SUMIF($E:$E, E27, $AM:$AM) -> 0.10721596 | AO27: 3142 | AP27: =AM27/AO27 -> 880.68109
A28: Whataburger | B28: 853 | C28: LSR | D28: QSR | E28: Burger | F28: 27 | H28: =Table1[[#This Row],[2024 U.S. Sales ($000)]]/SUMIF($E:$E, E28, $G:$G) -> #DIV/0! | I28: =VLOOKUP(Table1[[#This Row],[Chain Name]],[1]Sheet1!A$3:G$26,7,0) -> #N/A | J28: =Table1[[#This Row],[2024 U.S. Sales ($000)]]/Table1[[#This Row],[2024 U.S. Units]] -> #N/A | K28: =Table1[[#This Row],[2024 U.S. Units]]/Table1[[#This Row],[2023 U.S. Units]]-1 -> #N/A | L28: =_xlfn.RRI(5,Table1[[#This Row],[2019 U.S. Sales ($000)]],Table1[[#This Row],[2024 U.S. Sales ($000)]]) -> -1 | M28: =(Table1[[#This Row],[2024 Market share (%)]]-Table1[[#This Row],[2019 Market share (%)]])*10000 -> #DIV/0! | P28: 3769100 | Q28: =Table1[[#This Row],[2023 U.S. Sales ($000)]]/SUMIF($E:$E, E28, $P:$P) -> 0.034426331 | R28: =(Table1[[#This Row],[2023 Market share (%)]]-Table1[[#This Row],[2022 Market share (%)]])*10000 -> 17.349367 | S28: 0.12843927 | T28: 997 | U28: =P28/T28 -> 3780.4413 | V28: 0.077837838 | W28: =_xlfn.RRI(4,AM28,P28) -> 0.10195821 | X28: =(Table1[[#This Row],[2023 Market share (%)]]-Table1[[#This Row],[2019 Market share (%)]])*10000 -> 48.789607 | Y28: =_xlfn.RRI(4,AP28,U28) -> 0.052593923 | Z28: =_xlfn.RRI(4,AO28,T28) -> 0.04689775 | AA28: 3340100 | AB28: =Table1[[#This Row],[2022 U.S. Sales ($000)]]/SUMIF($E:$E, E28, $AA:$AA) -> 0.032691394 | AC28: 925 | AD28: =AA28/AC28 -> 3610.9189 | AE28: 3089500 | AF28: =Table1[[#This Row],[2021 U.S. Sales ($000)]]/SUMIF($E:$E, E28, $AE:$AE) -> 0.031754546 | AG28: 873 | AH28: =AE28/AG28 -> 3538.9462 | AI28: 2698300 | AJ28: =Table1[[#This Row],[2020 U.S. Sales ($000)]]/SUMIF($E:$E, E28, $AI:$AI) -> 0.030878878 | AK28: 844 | AL28: =AI28/AK28 -> 3197.0379 | AM28: 2556096 | AN28: =Table1[[#This Row],[2019 U.S. Sales ($000)]]/SUMIF($E:$E, E28, $AM:$AM) -> 0.02954737 | AO28: 830 | AP28: =AM28/AO28 -> 3079.6337
A29: Raising Cane's | B29: 2440 | C29: LSR | D29: FC | E29: Chicken | F29: 28 | H29: =Table1[[#This Row],[2024 U.S. Sales ($000)]]/SUMIF($E:$E, E29, $G:$G) -> #DIV/0! | I29: =VLOOKUP(Table1[[#This Row],[Chain Name]],[1]Sheet1!A$3:G$26,7,0) -> #N/A | J29: =Table1[[#This Row],[2024 U.S. Sales ($000)]]/Table1[[#This Row],[2024 U.S. Units]] -> #N/A | K29: =Table1[[#This Row],[2024 U.S. Units]]/Table1[[#This Row],[2023 U.S. Units]]-1 -> #N/A | L29: =_xlfn.RRI(5,Table1[[#This Row],[2019 U.S. Sales ($000)]],Table1[[#This Row],[2024 U.S. Sales ($000)]]) -> -1 | M29: =(Table1[[#This Row],[2024 Market share (%)]]-Table1[[#This Row],[2019 Market share (%)]])*10000 -> #DIV/0! | P29: 3758000 | Q29: =Table1[[#This Row],[2023 U.S. Sales ($000)]]/SUMIF($E:$E, E29, $P:$P) -> 0.07672094 | R29: =(Table1[[#This Row],[2023 Market share (%)]]-Table1[[#This Row],[2022 Market share (%)]])*10000 -> 52.592797 | S29: 0.20525978 | T29: 727 | U29: =P29/T29 -> 5169.1884 | V29: 0.125387 | W29: =_xlfn.RRI(4,AM29,P29) -> 0.26529992 | X29: =(Table1[[#This Row],[2023 Market share (%)]]-Table1[[#This Row],[2019 Market share (%)]])*10000 -> 289.62576 | Y29: =_xlfn.RRI(4,AP29,U29) -> 0.12664976 | Z29: =_xlfn.RRI(4,AO29,T29) -> 0.12306412 | AA29: 3118000 | AB29: =Table1[[#This Row],[2022 U.S. Sales ($000)]]/SUMIF($E:$E, E29, $AA:$AA) -> 0.07146166 | AC29: 646 | AD29: =AA29/AC29 -> 4826.6254 | AE29: 2377000 | AF29: =Table1[[#This Row],[2021 U.S. Sales ($000)]]/SUMIF($E:$E, E29, $AE:$AE) -> 0.060460589 | AG29: 567 | AH29: =AE29/AG29 -> 4192.2399 | AI29: 1722500 | AJ29: =Table1[[#This Row],[2020 U.S. Sales ($000)]]/SUMIF($E:$E, E29, $AI:$AI) -> 0.050932424 | AK29: 509 | AL29: =AI29/AK29 -> 3384.0864 | AM29: 1466165 | AN29: =Table1[[#This Row],[2019 U.S. Sales ($000)]]/SUMIF($E:$E, E29, $AM:$AM) -> 0.047758364 | AO29: 457 | AP29: =AM29/AO29 -> 3208.2385
A30: IHOP | B30: 818 | C30: FSR | D30: MSR | E30: Family Style | F30: 29 | H30: =Table1[[#This Row],[2024 U.S. Sales ($000)]]/SUMIF($E:$E, E30, $G:$G) -> #DIV/0! | I30: =VLOOKUP(Table1[[#This Row],[Chain Name]],[1]Sheet1!A$3:G$26,7,0) -> #N/A | J30: =Table1[[#This Row],[2024 U.S. Sales ($000)]]/Table1[[#This Row],[2024 U.S. Units]] -> #N/A | K30: =Table1[[#This Row],[2024 U.S. Units]]/Table1[[#This Row],[2023 U.S. Units]]-1 -> #N/A | L30: =_xlfn.RRI(5,Table1[[#This Row],[2019 U.S. Sales ($000)]],Table1[[#This Row],[2024 U.S. Sales ($000)]]) -> -1 | M30: =(Table1[[#This Row],[2024 Market share (%)]]-Table1[[#This Row],[2019 Market share (%)]])*10000 -> #DIV/0! | P30: 3398800 | Q30: =Table1[[#This Row],[2023 U.S. Sales ($000)]]/SUMIF($E:$E, E30, $P:$P) -> 0.19421331 | R30: =(Table1[[#This Row],[2023 Market share (%)]]-Table1[[#This Row],[2022 Market share (%)]])*10000 -> -6.3598498 | S30: 0.056118327 | T30: 1696 | U30: =P30/T30 -> 2004.0094 | V30: 0.017396521 | W30: =_xlfn.RRI(4,AM30,P30) -> 0.0097280606 | X30: =(Table1[[#This Row],[2023 Market share (%)]]-Table1[[#This Row],[2019 Market share (%)]])*10000 -> 12.470771 | Z30: =_xlfn.RRI(4,AO30,T30) -> -0.0020530978 | AA30: 3218200 | AB30: =Table1[[#This Row],[2022 U.S. Sales ($000)]]/SUMIF($E:$E, E30, $AA:$AA) -> 0.1948493 | AC30: 1667 | AD30: =AA30/AC30 -> 1930.5339 | AE30: 2997000 | AF30: =Table1[[#This Row],[2021 U.S. Sales ($000)]]/SUMIF($E:$E, E30, $AE:$AE) -> 0.1985086 | AG30: 1657 | AH30: =AE30/AG30 -> 1808.6904 | AI30: 2141000 | AJ30: =Table1[[#This Row],[2020 U.S. Sales ($000)]]/SUMIF($E:$E, E30, $AI:$AI) -> 0.20062011 | AK30: 1670 | AL30: =AI30/AK30 -> 1282.0359 | AM30: 3269700 | AN30: =Table1[[#This Row],[2019 U.S. Sales ($000)]]/SUMIF($E:$E, E30, $AM:$AM) -> 0.19296624 | AO30: 1710 | AP30: =AM30/AO30 -> 1912.1053
A31: Jersey Mike's Subs | B31: 2499 | C31: LSR | D31: FC | E31: Sandwich | F31: 30 | H31: =Table1[[#This Row],[2024 U.S. Sales ($000)]]/SUMIF($E:$E, E31, $G:$G) -> #DIV/0! | I31: =VLOOKUP(Table1[[#This Row],[Chain Name]],[1]Sheet1!A$3:G$26,7,0) -> #N/A | J31: =Table1[[#This Row],[2024 U.S. Sales ($000)]]/Table1[[#This Row],[2024 U.S. Units]] -> #N/A | K31: =Table1[[#This Row],[2024 U.S. Units]]/Table1[[#This Row],[2023 U.S. Units]]-1 -> #N/A | L31: =_xlfn.RRI(5,Table1[[#This Row],[2019 U.S. Sales ($000)]],Table1[[#This Row],[2024 U.S. Sales ($000)]]) -> -1 | M31: =(Table1[[#This Row],[2024 Market share (%)]]-Table1[[#This Row],[2019 Market share (%)]])*10000 -> #DIV/0! | P31: 3342000 | Q31: =Table1[[#This Row],[2023 U.S. Sales ($000)]]/SUMIF($E:$E, E31, $P:$P) -> 0.08848074 | R31: =(Table1[[#This Row],[2023 Market share (%)]]-Table1[[#This Row],[2022 Market share (%)]])*10000 -> 136.36814 | S31: 0.24794623 | T31: 2684 | U31: =P31/T31 -> 1245.1565 | V31: 0.119733 | W31: =_xlfn.RRI(4,AM31,P31) -> 0.25809273 | X31: =(Table1[[#This Row],[2023 Market share (%)]]-Table1[[#This Row],[2019 Market share (%)]])*10000 -> 476.41811 | Y31: =_xlfn.RRI(4,AP31,U31) -> 0.11653049 | Z31: =_xlfn.RRI(4,AO31,T31) -> 0.12678762 | AA31: 2678000 | AB31: =Table1[[#This Row],[2022 U.S. Sales ($000)]]/SUMIF($E:$E, E31, $AA:$AA) -> 0.074843925 | AC31: 2397 | AD31: =AA31/AC31 -> 1117.2299 | AE31: 2203000 | AF31: =Table1[[#This Row],[2021 U.S. Sales ($000)]]/SUMIF($E:$E, E31, $AE:$AE) -> 0.066399113 | AG31: 2100 | AH31: =AE31/AG31 -> 1049.0476 | AI31: 1595000 | AJ31: =Table1[[#This Row],[2020 U.S. Sales ($000)]]/SUMIF($E:$E, E31, $AI:$AI) -> 0.056005283 | AK31: 1854 | AL31: =AI31/AK31 -> 860.30205 | AM31: 1334000 | AN31: =Table1[[#This Row],[2019 U.S. Sales ($000)]]/SUMIF($E:$E, E31, $AM:$AM) -> 0.040838928 | AO31: 1665 | AP31: =AM31/AO31 -> 801.2012
A32: Culver's | B32: 1607 | C32: LSR | D32: QSR | E32: Burger | F32: 31 | H32: =Table1[[#This Row],[2024 U.S. Sales ($000)]]/SUMIF($E:$E, E32, $G:$G) -> #DIV/0! | I32: =VLOOKUP(Table1[[#This Row],[Chain Name]],[1]Sheet1!A$3:G$26,7,0) -> #N/A | J32: =Table1[[#This Row],[2024 U.S. Sales ($000)]]/Table1[[#This Row],[2024 U.S. Units]] -> #N/A | K32: =Table1[[#This Row],[2024 U.S. Units]]/Table1[[#This Row],[2023 U.S. Units]]-1 -> #N/A | L32: =_xlfn.RRI(5,Table1[[#This Row],[2019 U.S. Sales ($000)]],Table1[[#This Row],[2024 U.S. Sales ($000)]]) -> -1 | M32: =(Table1[[#This Row],[2024 Market share (%)]]-Table1[[#This Row],[2019 Market share (%)]])*10000 -> #DIV/0! | P32: 3310469 | Q32: =Table1[[#This Row],[2023 U.S. Sales ($000)]]/SUMIF($E:$E, E32, $P:$P) -> 0.030237272 | R32: =(Table1[[#This Row],[2023 Market share (%)]]-Table1[[#This Row],[2022 Market share (%)]])*10000 -> 15.082594 | S32: 0.12782781 | T32: 945 | U32: =P32/T32 -> 3503.1418 | V32: 0.058230683 | W32: =_xlfn.RRI(4,AM32,P32) -> 0.16529111 | X32: =(Table1[[#This Row],[2023 Market share (%)]]-Table1[[#This Row],[2019 Market share (%)]])*10000 -> 94.83671 | Y32: =_xlfn.RRI(4,AP32,U32) -> 0.093211654 | Z32: =_xlfn.RRI(4,AO32,T32) -> 0.065933673 | AA32: 2935261 | AB32: =Table1[[#This Row],[2022 U.S. Sales ($000)]]/SUMIF($E:$E, E32, $AA:$AA) -> 0.028729012 | AC32: 893 | AD32: =AA32/AC32 -> 3286.9664 | AE32: 2489100 | AF32: =Table1[[#This Row],[2021 U.S. Sales ($000)]]/SUMIF($E:$E, E32, $AE:$AE) -> 0.025583506 | AG32: 837 | AH32: =AE32/AG32 -> 2973.8351 | AI32: 1985820 | AJ32: =Table1[[#This Row],[2020 U.S. Sales ($000)]]/SUMIF($E:$E, E32, $AI:$AI) -> 0.022725381 | AK32: 782 | AL32: =AI32/AK32 -> 2539.4118 | AM32: 1795361 | AN32: =Table1[[#This Row],[2019 U.S. Sales ($000)]]/SUMIF($E:$E, E32, $AM:$AM) -> 0.020753601 | AO32: 732 | AP32: =AM32/AO32 -> 2452.679
A33: Wingstop | B33: 2409 | C33: LSR | D33: FC | E33: Chicken | F33: 32 | H33: =Table1[[#This Row],[2024 U.S. Sales ($000)]]/SUMIF($E:$E, E33, $G:$G) -> #DIV/0! | I33: =VLOOKUP(Table1[[#This Row],[Chain Name]],[1]Sheet1!A$3:G$26,7,0) -> #N/A | J33: =Table1[[#This Row],[2024 U.S. Sales ($000)]]/Table1[[#This Row],[2024 U.S. Units]] -> #N/A | K33: =Table1[[#This Row],[2024 U.S. Units]]/Table1[[#This Row],[2023 U.S. Units]]-1 -> #N/A | L33: =_xlfn.RRI(5,Table1[[#This Row],[2019 U.S. Sales ($000)]],Table1[[#This Row],[2024 U.S. Sales ($000)]]) -> -1 | M33: =(Table1[[#This Row],[2024 Market share (%)]]-Table1[[#This Row],[2019 Market share (%)]])*10000 -> #DIV/0! | P33: 3210800 | Q33: =Table1[[#This Row],[2023 U.S. Sales ($000)]]/SUMIF($E:$E, E33, $P:$P) -> 0.065549652 | R33: =(Table1[[#This Row],[2023 Market share (%)]]-Table1[[#This Row],[2022 Market share (%)]])*10000 -> 75.873244 | S33: 0.26959272 | T33: 1926 | U33: =P33/T33 -> 1667.082 | V33: 0.11911679 | W33: =_xlfn.RRI(4,AM33,P33) -> 0.23569686 | X33: =(Table1[[#This Row],[2023 Market share (%)]]-Table1[[#This Row],[2019 Market share (%)]])*10000 -> 206.92462 | Y33: =_xlfn.RRI(4,AP33,U33) -> 0.10487307 | Z33: =_xlfn.RRI(4,AO33,T33) -> 0.11840618 | AA33: 2529000 | AB33: =Table1[[#This Row],[2022 U.S. Sales ($000)]]/SUMIF($E:$E, E33, $AA:$AA) -> 0.057962328 | AC33: 1721 | AD33: =AA33/AC33 -> 1469.4945 | AE33: 2165000 | AF33: =Table1[[#This Row],[2021 U.S. Sales ($000)]]/SUMIF($E:$E, E33, $AE:$AE) -> 0.055068226 | AG33: 1534 | AH33: =AE33/AG33 -> 1411.3429 | AI33: 1804000 | AJ33: =Table1[[#This Row],[2020 U.S. Sales ($000)]]/SUMIF($E:$E, E33, $AI:$AI) -> 0.053342289 | AK33: 1359 | AL33: =AI33/AK33 -> 1327.4467 | AM33: 1377100 | AN33: =Table1[[#This Row],[2019 U.S. Sales ($000)]]/SUMIF($E:$E, E33, $AM:$AM) -> 0.04485719 | AO33: 1231 | AP33: =AM33/AO33 -> 1118.684
A34: Outback Steakhouse | B34: 831 | C34: FSR | D34: CDR | E34: Steak | F34: 33 | H34: =Table1[[#This Row],[2024 U.S. Sales ($000)]]/SUMIF($E:$E, E34, $G:$G) -> #DIV/0! | I34: =VLOOKUP(Table1[[#This Row],[Chain Name]],[1]Sheet1!A$3:G$26,7,0) -> #N/A | J34: =Table1[[#This Row],[2024 U.S. Sales ($000)]]/Table1[[#This Row],[2024 U.S. Units]] -> #N/A | K34: =Table1[[#This Row],[2024 U.S. Units]]/Table1[[#This Row],[2023 U.S. Units]]-1 -> #N/A | L34: =_xlfn.RRI(5,Table1[[#This Row],[2019 U.S. Sales ($000)]],Table1[[#This Row],[2024 U.S. Sales ($000)]]) -> -1 | M34: =(Table1[[#This Row],[2024 Market share (%)]]-Table1[[#This Row],[2019 Market share (%)]])*10000 -> #DIV/0! | P34: 2830449 | Q34: =Table1[[#This Row],[2023 U.S. Sales ($000)]]/SUMIF($E:$E, E34, $P:$P) -> 0.17728903 | R34: =(Table1[[#This Row],[2023 Market share (%)]]-Table1[[#This Row],[2022 Market share (%)]])*10000 -> -95.97387 | S34: 0.035114057 | T34: 688 | U34: =P34/T34 -> 4114.0247 | V34: -0.0072150072 | W34: =_xlfn.RRI(4,AM34,P34) -> 0.017974054 | X34: =(Table1[[#This Row],[2023 Market share (%)]]-Table1[[#This Row],[2019 Market share (%)]])*10000 -> -329.18764 | Z34: =_xlfn.RRI(4,AO34,T34) -> -0.012669694 | AA34: 2734432 | AB34: =Table1[[#This Row],[2022 U.S. Sales ($000)]]/SUMIF($E:$E, E34, $AA:$AA) -> 0.18688642 | AC34: 693 | AD34: =AA34/AC34 -> 3945.7893 | AE34: 2620909 | AF34: =Table1[[#This Row],[2021 U.S. Sales ($000)]]/SUMIF($E:$E, E34, $AE:$AE) -> 0.20164786 | AG34: 694 | AH34: =AE34/AG34 -> 3776.5259 | AI34: 2087071 | AJ34: =Table1[[#This Row],[2020 U.S. Sales ($000)]]/SUMIF($E:$E, E34, $AI:$AI) -> 0.22222973 | AK34: 706 | AL34: =AI34/AK34 -> 2956.1912 | AM34: 2635776 | AN34: =Table1[[#This Row],[2019 U.S. Sales ($000)]]/SUMIF($E:$E, E34, $AM:$AM) -> 0.2102078 | AO34: 724 | AP34: =AM34/AO34 -> 3640.5746
A35: LongHorn Steakhouse | B35: 896 | C35: FSR | D35: CDR | E35: Steak | F35: 34 | H35: =Table1[[#This Row],[2024 U.S. Sales ($000)]]/SUMIF($E:$E, E35, $G:$G) -> #DIV/0! | I35: =VLOOKUP(Table1[[#This Row],[Chain Name]],[1]Sheet1!A$3:G$26,7,0) -> #N/A | J35: =Table1[[#This Row],[2024 U.S. Sales ($000)]]/Table1[[#This Row],[2024 U.S. Units]] -> #N/A | K35: =Table1[[#This Row],[2024 U.S. Units]]/Table1[[#This Row],[2023 U.S. Units]]-1 -> #N/A | L35: =_xlfn.RRI(5,Table1[[#This Row],[2019 U.S. Sales ($000)]],Table1[[#This Row],[2024 U.S. Sales ($000)]]) -> -1 | M35: =(Table1[[#This Row],[2024 Market share (%)]]-Table1[[#This Row],[2019 Market share (%)]])*10000 -> #DIV/0! | P35: 2808400 | Q35: =Table1[[#This Row],[2023 U.S. Sales ($000)]]/SUMIF($E:$E, E35, $P:$P) -> 0.17590796 | R35: =(Table1[[#This Row],[2023 Market share (%)]]-Table1[[#This Row],[2022 Market share (%)]])*10000 -> 18.043597 | S35: 0.10245741 | T35: 580 | U35: =P35/T35 -> 4842.069 | V35: 0.028368794 | W35: =_xlfn.RRI(4,AM35,P35) -> 0.099209327 | X35: =(Table1[[#This Row],[2023 Market share (%)]]-Table1[[#This Row],[2019 Market share (%)]])*10000 -> 224.89487 | Z35: =_xlfn.RRI(4,AO35,T35) -> 0.022793669 | AA35: 2547400 | AB35: =Table1[[#This Row],[2022 U.S. Sales ($000)]]/SUMIF($E:$E, E35, $AA:$AA) -> 0.1741036 | AC35: 564 | AD35: =AA35/AC35 -> 4516.6667 | AE35: 2208600 | AF35: =Table1[[#This Row],[2021 U.S. Sales ($000)]]/SUMIF($E:$E, E35, $AE:$AE) -> 0.16992557 | AG35: 551 | AH35: =AE35/AG35 -> 4008.3485 | AI35: 1636100 | AJ35: =Table1[[#This Row],[2020 U.S. Sales ($000)]]/SUMIF($E:$E, E35, $AI:$AI) -> 0.17421069 | AK35: 538 | AL35: =AI35/AK35 -> 3041.0781 | AM35: 1923700 | AN35: =Table1[[#This Row],[2019 U.S. Sales ($000)]]/SUMIF($E:$E, E35, $AM:$AM) -> 0.15341848 | AO35: 530 | AP35: =AM35/AO35 -> 3629.6226
A36: Denny's | B36: 494 | C36: FSR | D36: MSR | E36: Family Style | F36: 35 | H36: =Table1[[#This Row],[2024 U.S. Sales ($000)]]/SUMIF($E:$E, E36, $G:$G) -> #DIV/0! | I36: =VLOOKUP(Table1[[#This Row],[Chain Name]],[1]Sheet1!A$3:G$26,7,0) -> #N/A | J36: =Table1[[#This Row],[2024 U.S. Sales ($000)]]/Table1[[#This Row],[2024 U.S. Units]] -> #N/A | K36: =Table1[[#This Row],[2024 U.S. Units]]/Table1[[#This Row],[2023 U.S. Units]]-1 -> #N/A | L36: =_xlfn.RRI(5,Table1[[#This Row],[2019 U.S. Sales ($000)]],Table1[[#This Row],[2024 U.S. Sales ($000)]]) -> -1 | M36: =(Table1[[#This Row],[2024 Market share (%)]]-Table1[[#This Row],[2019 Market share (%)]])*10000 -> #DIV/0! | P36: 2694300 | Q36: =Table1[[#This Row],[2023 U.S. Sales ($000)]]/SUMIF($E:$E, E36, $P:$P) -> 0.15395696 | R36: =(Table1[[#This Row],[2023 Market share (%)]]-Table1[[#This Row],[2022 Market share (%)]])*10000 -> -44.757619 | S36: 0.029643475 | T36: 1407 | U36: =P36/T36 -> 1914.9254 | V36: -0.026297578 | W36: =_xlfn.RRI(4,AM36,P36) -> 0.00023944475 | X36: =(Table1[[#This Row],[2023 Market share (%)]]-Table1[[#This Row],[2019 Market share (%)]])*10000 -> -48.989768 | Z36: =_xlfn.RRI(4,AO36,T36) -> -0.025320133 | AA36: 2616731 | AB36: =Table1[[#This Row],[2022 U.S. Sales ($000)]]/SUMIF($E:$E, E36, $AA:$AA) -> 0.15843273 | AC36: 1445 | AD36: =AA36/AC36 -> 1810.8865 | AE36: 2462351 | AF36: =Table1[[#This Row],[2021 U.S. Sales ($000)]]/SUMIF($E:$E, E36, $AE:$AE) -> 0.16309571 | AG36: 1487 | AH36: =AE36/AG36 -> 1655.9186 | AI36: 1744452 | AJ36: =Table1[[#This Row],[2020 U.S. Sales ($000)]]/SUMIF($E:$E, E36, $AI:$AI) -> 0.16346201 | AK36: 1504 | AL36: =AI36/AK36 -> 1159.875 | AM36: 2691721 | AN36: =Table1[[#This Row],[2019 U.S. Sales ($000)]]/SUMIF($E:$E, E36, $AM:$AM) -> 0.15885594 | AO36: 1559 | AP36: =AM36/AO36 -> 1726.569
A37: Cracker Barrel | B37: 805 | C37: FSR | D37: MSR | E37: Family Style | F37: 36 | H37: =Table1[[#This Row],[2024 U.S. Sales ($000)]]/SUMIF($E:$E, E37, $G:$G) -> #DIV/0! | I37: =VLOOKUP(Table1[[#This Row],[Chain Name]],[1]Sheet1!A$3:G$26,7,0) -> #N/A | J37: =Table1[[#This Row],[2024 U.S. Sales ($000)]]/Table1[[#This Row],[2024 U.S. Units]] -> #N/A | K37: =Table1[[#This Row],[2024 U.S. Units]]/Table1[[#This Row],[2023 U.S. Units]]-1 -> #N/A | L37: =_xlfn.RRI(5,Table1[[#This Row],[2019 U.S. Sales ($000)]],Table1[[#This Row],[2024 U.S. Sales ($000)]]) -> -1 | M37: =(Table1[[#This Row],[2024 Market share (%)]]-Table1[[#This Row],[2019 Market share (%)]])*10000 -> #DIV/0! | P37: 2687932 | Q37: =Table1[[#This Row],[2023 U.S. Sales ($000)]]/SUMIF($E:$E, E37, $P:$P) -> 0.15359309 | R37: =(Table1[[#This Row],[2023 Market share (%)]]-Table1[[#This Row],[2022 Market share (%)]])*10000 -> -48.841418 | S37: 0.026921458 | T37: 662 | U37: =P37/T37 -> 4060.3202 | V37: -0.0045112782 | W37: =_xlfn.RRI(4,AM37,P37) -> 0.016472111 | X37: =(Table1[[#This Row],[2023 Market share (%)]]-Table1[[#This Row],[2019 Market share (%)]])*10000 -> 49.961592 | Z37: =_xlfn.RRI(4,AO37,T37) -> 0.00075671639 | AA37: 2617466 | AB37: =Table1[[#This Row],[2022 U.S. Sales ($000)]]/SUMIF($E:$E, E37, $AA:$AA) -> 0.15847723 | AC37: 665 | AD37: =AA37/AC37 -> 3936.0391 | AE37: 2418076 | AF37: =Table1[[#This Row],[2021 U.S. Sales ($000)]]/SUMIF($E:$E, E37, $AE:$AE) -> 0.16016312 | AG37: 664 | AH37: =AE37/AG37 -> 3641.6807 | AI37: 1770011 | AJ37: =Table1[[#This Row],[2020 U.S. Sales ($000)]]/SUMIF($E:$E, E37, $AI:$AI) -> 0.16585699 | AK37: 663 | AL37: =AI37/AK37 -> 2669.6998 | AM37: 2517888 | AN37: =Table1[[#This Row],[2019 U.S. Sales ($000)]]/SUMIF($E:$E, E37, $AM:$AM) -> 0.14859693 | AO37: 660 | AP37: =AM37/AO37 -> 3814.9818
A38: Cheesecake Factory, The | B38: 869 | C38: FSR | D38: CDR | E38: Varied Menu | F38: 37 | H38: =Table1[[#This Row],[2024 U.S. Sales ($000)]]/SUMIF($E:$E, E38, $G:$G) -> #DIV/0! | I38: =VLOOKUP(Table1[[#This Row],[Chain Name]],[1]Sheet1!A$3:G$26,7,0) -> #N/A | J38: =Table1[[#This Row],[2024 U.S. Sales ($000)]]/Table1[[#This Row],[2024 U.S. Units]] -> #N/A | K38: =Table1[[#This Row],[2024 U.S. Units]]/Table1[[#This Row],[2023 U.S. Units]]-1 -> #N/A | L38: =_xlfn.RRI(5,Table1[[#This Row],[2019 U.S. Sales ($000)]],Table1[[#This Row],[2024 U.S. Sales ($000)]]) -> -1 | M38: =(Table1[[#This Row],[2024 Market share (%)]]-Table1[[#This Row],[2019 Market share (%)]])*10000 -> #DIV/0! | P38: 2595066 | Q38: =Table1[[#This Row],[2023 U.S. Sales ($000)]]/SUMIF($E:$E, E38, $P:$P) -> 0.10757782 | R38: =(Table1[[#This Row],[2023 Market share (%)]]-Table1[[#This Row],[2022 Market share (%)]])*10000 -> 0.7841508 | S38: 0.026511812 | T38: 216 | U38: =P38/T38 -> 12014.194 | V38: 0.023696682 | W38: =_xlfn.RRI(4,AM38,P38) -> 0.044429331 | X38: =(Table1[[#This Row],[2023 Market share (%)]]-Table1[[#This Row],[2019 Market share (%)]])*10000 -> 120.79516 | Z38: =_xlfn.RRI(4,AO38,T38) -> 0.011921056 | AA38: 2528043 | AB38: =Table1[[#This Row],[2022 U.S. Sales ($000)]]/SUMIF($E:$E, E38, $AA:$AA) -> 0.10749941 | AC38: 211 | AD38: =AA38/AC38 -> 11981.246 | AE38: 2293225 | AF38: =Table1[[#This Row],[2021 U.S. Sales ($000)]]/SUMIF($E:$E, E38, $AE:$AE) -> 0.10558075 | AG38: 207 | AH38: =AE38/AG38 -> 11078.382 | AI38: 1585008 | AJ38: =Table1[[#This Row],[2020 U.S. Sales ($000)]]/SUMIF($E:$E, E38, $AI:$AI) -> 0.097202204 | AK38: 206 | AL38: =AI38/AK38 -> 7694.2136 | AM38: 2180882 | AN38: =Table1[[#This Row],[2019 U.S. Sales ($000)]]/SUMIF($E:$E, E38, $AM:$AM) -> 0.095498305 | AO38: 206 | AP38: =AM38/AO38 -> 10586.806
A39: Jimmy John's | B39: 1652 | C39: LSR | D39: FC | E39: Sandwich | F39: 38 | H39: =Table1[[#This Row],[2024 U.S. Sales ($000)]]/SUMIF($E:$E, E39, $G:$G) -> #DIV/0! | I39: =VLOOKUP(Table1[[#This Row],[Chain Name]],[1]Sheet1!A$3:G$26,7,0) -> #N/A | J39: =Table1[[#This Row],[2024 U.S. Sales ($000)]]/Table1[[#This Row],[2024 U.S. Units]] -> #N/A | K39: =Table1[[#This Row],[2024 U.S. Units]]/Table1[[#This Row],[2023 U.S. Units]]-1 -> #N/A | L39: =_xlfn.RRI(5,Table1[[#This Row],[2019 U.S. Sales ($000)]],Table1[[#This Row],[2024 U.S. Sales ($000)]]) -> -1 | M39: =(Table1[[#This Row],[2024 Market share (%)]]-Table1[[#This Row],[2019 Market share (%)]])*10000 -> #DIV/0! | P39: 2551112 | Q39: =Table1[[#This Row],[2023 U.S. Sales ($000)]]/SUMIF($E:$E, E39, $P:$P) -> 0.067541675 | R39: =(Table1[[#This Row],[2023 Market share (%)]]-Table1[[#This Row],[2022 Market share (%)]])*10000 -> 14.598824 | S39: 0.078931064 | T39: 2644 | U39: =P39/T39 -> 964.86838 | V39: 0.0026545317 | W39: =_xlfn.RRI(4,AM39,P39) -> 0.04919685 | X39: =(Table1[[#This Row],[2023 Market share (%)]]-Table1[[#This Row],[2019 Market share (%)]])*10000 -> 30.920903 | Y39: =_xlfn.RRI(4,AP39,U39) -> 0.063104258 | Z39: =_xlfn.RRI(4,AO39,T39) -> -0.013081885 | AA39: 2364481 | AB39: =Table1[[#This Row],[2022 U.S. Sales ($000)]]/SUMIF($E:$E, E39, $AA:$AA) -> 0.066081792 | AC39: 2637 | AD39: =AA39/AC39 -> 896.65567 | AE39: 2301060 | AF39: =Table1[[#This Row],[2021 U.S. Sales ($000)]]/SUMIF($E:$E, E39, $AE:$AE) -> 0.069354672 | AG39: 2663 | AH39: =AE39/AG39 -> 864.08562 | AI39: 1925405 | AJ39: =Table1[[#This Row],[2020 U.S. Sales ($000)]]/SUMIF($E:$E, E39, $AI:$AI) -> 0.067606804 | AK39: 2705 | AL39: =AI39/AK39 -> 711.79482 | AM39: 2105240 | AN39: =Table1[[#This Row],[2019 U.S. Sales ($000)]]/SUMIF($E:$E, E39, $AM:$AM) -> 0.064449584 | AO39: 2787 | AP39: =AM39/AO39 -> 755.37854
A40: Zaxby's | B40: 2716 | C40: LSR | D40: FC | E40: Chicken | F40: 39 | H40: =Table1[[#This Row],[2024 U.S. Sales ($000)]]/SUMIF($E:$E, E40, $G:$G) -> #DIV/0! | I40: =VLOOKUP(Table1[[#This Row],[Chain Name]],[1]Sheet1!A$3:G$26,7,0) -> #N/A | J40: =Table1[[#This Row],[2024 U.S. Sales ($000)]]/Table1[[#This Row],[2024 U.S. Units]] -> #N/A | K40: =Table1[[#This Row],[2024 U.S. Units]]/Table1[[#This Row],[2023 U.S. Units]]-1 -> #N/A | L40: =_xlfn.RRI(5,Table1[[#This Row],[2019 U.S. Sales ($000)]],Table1[[#This Row],[2024 U.S. Sales ($000)]]) -> -1 | M40: =(Table1[[#This Row],[2024 Market share (%)]]-Table1[[#This Row],[2019 Market share (%)]])*10000 -> #DIV/0! | P40: 2474500 | Q40: =Table1[[#This Row],[2023 U.S. Sales ($000)]]/SUMIF($E:$E, E40, $P:$P) -> 0.050517819 | R40: =(Table1[[#This Row],[2023 Market share (%)]]-Table1[[#This Row],[2022 Market share (%)]])*10000 -> -40.29567 | S40: 0.039705882 | T40: 941 | U40: =P40/T40 -> 2629.6493 | V40: 0.020607375 | W40: =_xlfn.RRI(4,AM40,P40) -> 0.067084529 | X40: =(Table1[[#This Row],[2023 Market share (%)]]-Table1[[#This Row],[2019 Market share (%)]])*10000 -> -116.49015 | Y40: =_xlfn.RRI(4,AP40,U40) -> 0.056728845 | Z40: =_xlfn.RRI(4,AO40,T40) -> 0.0097997552 | AA40: 2380000 | AB40: =Table1[[#This Row],[2022 U.S. Sales ($000)]]/SUMIF($E:$E, E40, $AA:$AA) -> 0.054547386 | AC40: 922 | AD40: =AA40/AC40 -> 2581.3449 | AE40: 2266000 | AF40: =Table1[[#This Row],[2021 U.S. Sales ($000)]]/SUMIF($E:$E, E40, $AE:$AE) -> 0.057637229 | AG40: 911 | AH40: =AE40/AG40 -> 2487.3765 | AI40: 2028700 | AJ40: =Table1[[#This Row],[2020 U.S. Sales ($000)]]/SUMIF($E:$E, E40, $AI:$AI) -> 0.05998642 | AK40: 908 | AL40: =AI40/AK40 -> 2234.2511 | AM40: 1908500 | AN40: =Table1[[#This Row],[2019 U.S. Sales ($000)]]/SUMIF($E:$E, E40, $AM:$AM) -> 0.062166835 | AO40: 905 | AP40: =AM40/AO40 -> 2108.8398
A41: Five Guys | B41: 2553 | C41: LSR | D41: FC | E41: Burger | F41: 40 | H41: =Table1[[#This Row],[2024 U.S. Sales ($000)]]/SUMIF($E:$E, E41, $G:$G) -> #DIV/0! | I41: =VLOOKUP(Table1[[#This Row],[Chain Name]],[1]Sheet1!A$3:G$26,7,0) -> #N/A | J41: =Table1[[#This Row],[2024 U.S. Sales ($000)]]/Table1[[#This Row],[2024 U.S. Units]] -> #N/A | K41: =Table1[[#This Row],[2024 U.S. Units]]/Table1[[#This Row],[2023 U.S. Units]]-1 -> #N/A | L41: =_xlfn.RRI(5,Table1[[#This Row],[2019 U.S. Sales ($000)]],Table1[[#This Row],[2024 U.S. Sales ($000)]]) -> -1 | M41: =(Table1[[#This Row],[2024 Market share (%)]]-Table1[[#This Row],[2019 Market share (%)]])*10000 -> #DIV/0! | P41: 2346600 | Q41: =Table1[[#This Row],[2023 U.S. Sales ($000)]]/SUMIF($E:$E, E41, $P:$P) -> 0.021433453 | R41: =(Table1[[#This Row],[2023 Market share (%)]]-Table1[[#This Row],[2022 Market share (%)]])*10000 -> -1.382082 | S41: 0.064705375 | T41: 1453 | U41: =P41/T41 -> 1615.0034 | V41: 0.031227821 | W41: =_xlfn.RRI(4,AM41,P41) -> 0.090118153 | X41: =(Table1[[#This Row],[2023 Market share (%)]]-Table1[[#This Row],[2019 Market share (%)]])*10000 -> 22.252627 | Y41: =_xlfn.RRI(4,AP41,U41) -> 0.073813087 | Z41: =_xlfn.RRI(4,AO41,T41) -> 0.015184269 | AA41: 2203990 | AB41: =Table1[[#This Row],[2022 U.S. Sales ($000)]]/SUMIF($E:$E, E41, $AA:$AA) -> 0.021571661 | AC41: 1409 | AD41: =AA41/AC41 -> 1564.2229 | AE41: 2092822 | AF41: =Table1[[#This Row],[2021 U.S. Sales ($000)]]/SUMIF($E:$E, E41, $AE:$AE) -> 0.021510475 | AG41: 1390 | AH41: =AE41/AG41 -> 1505.6273 | AI41: 1710956 | AJ41: =Table1[[#This Row],[2020 U.S. Sales ($000)]]/SUMIF($E:$E, E41, $AI:$AI) -> 0.019579885 | AK41: 1382 | AL41: =AI41/AK41 -> 1238.0289 | AM41: 1661670 | AN41: =Table1[[#This Row],[2019 U.S. Sales ($000)]]/SUMIF($E:$E, E41, $AM:$AM) -> 0.01920819 | AO41: 1368 | AP41: =AM41/AO41 -> 1214.6711
A42: Red Lobster | B42: 434 | C42: FSR | D42: CDR | E42: Seafood | F42: 41 | H42: =Table1[[#This Row],[2024 U.S. Sales ($000)]]/SUMIF($E:$E, E42, $G:$G) -> #DIV/0! | I42: =VLOOKUP(Table1[[#This Row],[Chain Name]],[1]Sheet1!A$3:G$26,7,0) -> #N/A | J42: =Table1[[#This Row],[2024 U.S. Sales ($000)]]/Table1[[#This Row],[2024 U.S. Units]] -> #N/A | K42: =Table1[[#This Row],[2024 U.S. Units]]/Table1[[#This Row],[2023 U.S. Units]]-1 -> #N/A | L42: =_xlfn.RRI(5,Table1[[#This Row],[2019 U.S. Sales ($000)]],Table1[[#This Row],[2024 U.S. Sales ($000)]]) -> -1 | M42: =(Table1[[#This Row],[2024 Market share (%)]]-Table1[[#This Row],[2019 Market share (%)]])*10000 -> #DIV/0! | P42: 2173000 | Q42: =Table1[[#This Row],[2023 U.S. Sales ($000)]]/SUMIF($E:$E, E42, $P:$P) -> 0.42230534 | R42: =(Table1[[#This Row],[2023 Market share (%)]]-Table1[[#This Row],[2022 Market share (%)]])*10000 -> -304.25348 | S42: -0.080911898 | T42: 649 | U42: =P42/T42 -> 3348.228 | V42: -0.019637462 | W42: =_xlfn.RRI(4,AM42,P42) -> -0.033480246 | X42: =(Table1[[#This Row],[2023 Market share (%)]]-Table1[[#This Row],[2019 Market share (%)]])*10000 -> -618.11408 | Z42: =_xlfn.RRI(4,AO42,T42) -> -0.01123353 | AA42: 2364300 | AB42: =Table1[[#This Row],[2022 U.S. Sales ($000)]]/SUMIF($E:$E, E42, $AA:$AA) -> 0.45273069 | AC42: 662 | AD42: =AA42/AC42 -> 3571.4502 | AE42: 2303300 | AF42: =Table1[[#This Row],[2021 U.S. Sales ($000)]]/SUMIF($E:$E, E42, $AE:$AE) -> 0.47840241 | AG42: 670 | AH42: =AE42/AG42 -> 3437.7612 | AI42: 1753400 | AJ42: =Table1[[#This Row],[2020 U.S. Sales ($000)]]/SUMIF($E:$E, E42, $AI:$AI) -> 0.51469995 | AK42: 675 | AL42: =AI42/AK42 -> 2597.6296 | AM42: 2490100 | AN42: =Table1[[#This Row],[2019 U.S. Sales ($000)]]/SUMIF($E:$E, E42, $AM:$AM) -> 0.48411675 | AO42: 679 | AP42: =AM42/AO42 -> 3667.3049
A43: In-N-Out Burger | B43: 888 | C43: LSR | D43: QSR | E43: Burger | F43: 42 | H43: =Table1[[#This Row],[2024 U.S. Sales ($000)]]/SUMIF($E:$E, E43, $G:$G) -> #DIV/0! | I43: =VLOOKUP(Table1[[#This Row],[Chain Name]],[1]Sheet1!A$3:G$26,7,0) -> #N/A | J43: =Table1[[#This Row],[2024 U.S. Sales ($000)]]/Table1[[#This Row],[2024 U.S. Units]] -> #N/A | K43: =Table1[[#This Row],[2024 U.S. Units]]/Table1[[#This Row],[2023 U.S. Units]]-1 -> #N/A | L43: =_xlfn.RRI(5,Table1[[#This Row],[2019 U.S. Sales ($000)]],Table1[[#This Row],[2024 U.S. Sales ($000)]]) -> -1 | M43: =(Table1[[#This Row],[2024 Market share (%)]]-Table1[[#This Row],[2019 Market share (%)]])*10000 -> #DIV/0! | P43: 2111700 | Q43: =Table1[[#This Row],[2023 U.S. Sales ($000)]]/SUMIF($E:$E, E43, $P:$P) -> 0.019287916 | R43: =(Table1[[#This Row],[2023 Market share (%)]]-Table1[[#This Row],[2022 Market share (%)]])*10000 -> 9.4409033 | S43: 0.12672073 | T43: 400 | U43: =P43/T43 -> 5279.25 | V43: 0.038961039 | W43: =_xlfn.RRI(4,AM43,P43) -> 0.11892258 | X43: =(Table1[[#This Row],[2023 Market share (%)]]-Table1[[#This Row],[2019 Market share (%)]])*10000 -> 37.148632 | Y43: =_xlfn.RRI(4,AP43,U43) -> 0.082958508 | Z43: =_xlfn.RRI(4,AO43,T43) -> 0.033209091 | AA43: 1874200 | AB43: =Table1[[#This Row],[2022 U.S. Sales ($000)]]/SUMIF($E:$E, E43, $AA:$AA) -> 0.018343825 | AC43: 385 | AD43: =AA43/AC43 -> 4868.0519 | AE43: 1650500 | AF43: =Table1[[#This Row],[2021 U.S. Sales ($000)]]/SUMIF($E:$E, E43, $AE:$AE) -> 0.016964194 | AG43: 373 | AH43: =AE43/AG43 -> 4424.933 | AI43: 1472600 | AJ43: =Table1[[#This Row],[2020 U.S. Sales ($000)]]/SUMIF($E:$E, E43, $AI:$AI) -> 0.01685218 | AK43: 363 | AL43: =AI43/AK43 -> 4056.7493 | AM43: 1347200 | AN43: =Table1[[#This Row],[2019 U.S. Sales ($000)]]/SUMIF($E:$E, E43, $AM:$AM) -> 0.015573052 | AO43: 351 | AP43: =AM43/AO43 -> 3838.1766
A44: Hardee's | B44: 506 | C44: LSR | D44: QSR | E44: Burger | F44: 43 | H44: =Table1[[#This Row],[2024 U.S. Sales ($000)]]/SUMIF($E:$E, E44, $G:$G) -> #DIV/0! | I44: =VLOOKUP(Table1[[#This Row],[Chain Name]],[1]Sheet1!A$3:G$26,7,0) -> #N/A | J44: =Table1[[#This Row],[2024 U.S. Sales ($000)]]/Table1[[#This Row],[2024 U.S. Units]] -> #N/A | K44: =Table1[[#This Row],[2024 U.S. Units]]/Table1[[#This Row],[2023 U.S. Units]]-1 -> #N/A | L44: =_xlfn.RRI(5,Table1[[#This Row],[2019 U.S. Sales ($000)]],Table1[[#This Row],[2024 U.S. Sales ($000)]]) -> -1 | M44: =(Table1[[#This Row],[2024 Market share (%)]]-Table1[[#This Row],[2019 Market share (%)]])*10000 -> #DIV/0! | P44: 1932800 | Q44: =Table1[[#This Row],[2023 U.S. Sales ($000)]]/SUMIF($E:$E, E44, $P:$P) -> 0.017653873 | R44: =(Table1[[#This Row],[2023 Market share (%)]]-Table1[[#This Row],[2022 Market share (%)]])*10000 -> -24.898828 | S44: -0.060881395 | T44: 1597 | U44: =P44/T44 -> 1210.2693 | V44: -0.064440539 | W44: =_xlfn.RRI(4,AM44,P44) -> -0.0060261743 | X44: =(Table1[[#This Row],[2023 Market share (%)]]-Table1[[#This Row],[2019 Market share (%)]])*10000 -> -52.352313 | Y44: =_xlfn.RRI(4,AP44,U44) -> 0.024726229 | Z44: =_xlfn.RRI(4,AO44,T44) -> -0.03001036 | AA44: 2058100 | AB44: =Table1[[#This Row],[2022 U.S. Sales ($000)]]/SUMIF($E:$E, E44, $AA:$AA) -> 0.020143756 | AC44: 1707 | AD44: =AA44/AC44 -> 1205.6825 | AE44: 2010000 | AF44: =Table1[[#This Row],[2021 U.S. Sales ($000)]]/SUMIF($E:$E, E44, $AE:$AE) -> 0.020659213 | AG44: 1752 | AH44: =AE44/AG44 -> 1147.2603 | AI44: 1959600 | AJ44: =Table1[[#This Row],[2020 U.S. Sales ($000)]]/SUMIF($E:$E, E44, $AI:$AI) -> 0.022425323 | AK44: 1759 | AL44: =AI44/AK44 -> 1114.0421 | AM44: 1980100 | AN44: =Table1[[#This Row],[2019 U.S. Sales ($000)]]/SUMIF($E:$E, E44, $AM:$AM) -> 0.022889104 | AO44: 1804 | AP44: =AM44/AO44 -> 1097.6164
A45: Bojangles | B45: 711 | C45: LSR | D45: QSR | E45: Chicken | F45: 44 | H45: =Table1[[#This Row],[2024 U.S. Sales ($000)]]/SUMIF($E:$E, E45, $G:$G) -> #DIV/0! | I45: =VLOOKUP(Table1[[#This Row],[Chain Name]],[1]Sheet1!A$3:G$26,7,0) -> #N/A | J45: =Table1[[#This Row],[2024 U.S. Sales ($000)]]/Table1[[#This Row],[2024 U.S. Units]] -> #N/A | K45: =Table1[[#This Row],[2024 U.S. Units]]/Table1[[#This Row],[2023 U.S. Units]]-1 -> #N/A | L45: =_xlfn.RRI(5,Table1[[#This Row],[2019 U.S. Sales ($000)]],Table1[[#This Row],[2024 U.S. Sales ($000)]]) -> -1 | M45: =(Table1[[#This Row],[2024 Market share (%)]]-Table1[[#This Row],[2019 Market share (%)]])*10000 -> #DIV/0! | P45: 1780400 | Q45: =Table1[[#This Row],[2023 U.S. Sales ($000)]]/SUMIF($E:$E, E45, $P:$P) -> 0.036347515 | R45: =(Table1[[#This Row],[2023 Market share (%)]]-Table1[[#This Row],[2022 Market share (%)]])*10000 -> -7.584593 | S45: 0.099691167 | T45: 816 | U45: =P45/T45 -> 2181.8627 | V45: 0.035532995 | W45: =_xlfn.RRI(4,AM45,P45) -> 0.075310965 | X45: =(Table1[[#This Row],[2023 Market share (%)]]-Table1[[#This Row],[2019 Market share (%)]])*10000 -> -70.28323 | Y45: =_xlfn.RRI(4,AP45,U45) -> 0.05146844 | Z45: =_xlfn.RRI(4,AO45,T45) -> 0.022675455 | AA45: 1619000 | AB45: =Table1[[#This Row],[2022 U.S. Sales ($000)]]/SUMIF($E:$E, E45, $AA:$AA) -> 0.037105974 | AC45: 788 | AD45: =AA45/AC45 -> 2054.5685 | AE45: 1484844 | AF45: =Table1[[#This Row],[2021 U.S. Sales ($000)]]/SUMIF($E:$E, E45, $AE:$AE) -> 0.037768003 | AG45: 773 | AH45: =AE45/AG45 -> 1920.8849 | AI45: 1374188 | AJ45: =Table1[[#This Row],[2020 U.S. Sales ($000)]]/SUMIF($E:$E, E45, $AI:$AI) -> 0.040633223 | AK45: 758 | AL45: =AI45/AK45 -> 1812.9129 | AM45: 1331623 | AN45: =Table1[[#This Row],[2019 U.S. Sales ($000)]]/SUMIF($E:$E, E45, $AM:$AM) -> 0.043375838 | AO45: 746 | AP45: =AM45/AO45 -> 1785.0174
A46: Golden Corral | B46: 432 | C46: FSR | D46: MSR | E46: Family Style | F46: 45 | H46: =Table1[[#This Row],[2024 U.S. Sales ($000)]]/SUMIF($E:$E, E46, $G:$G) -> #DIV/0! | I46: =VLOOKUP(Table1[[#This Row],[Chain Name]],[1]Sheet1!A$3:G$26,7,0) -> #N/A | J46: =Table1[[#This Row],[2024 U.S. Sales ($000)]]/Table1[[#This Row],[2024 U.S. Units]] -> #N/A | K46: =Table1[[#This Row],[2024 U.S. Units]]/Table1[[#This Row],[2023 U.S. Units]]-1 -> #N/A | L46: =_xlfn.RRI(5,Table1[[#This Row],[2019 U.S. Sales ($000)]],Table1[[#This Row],[2024 U.S. Sales ($000)]]) -> -1 | M46: =(Table1[[#This Row],[2024 Market share (%)]]-Table1[[#This Row],[2019 Market share (%)]])*10000 -> #DIV/0! | P46: 1640064 | Q46: =Table1[[#This Row],[2023 U.S. Sales ($000)]]/SUMIF($E:$E, E46, $P:$P) -> 0.093716095 | R46: =(Table1[[#This Row],[2023 Market share (%)]]-Table1[[#This Row],[2022 Market share (%)]])*10000 -> 90.023019 | S46: 0.17217508 | T46: 357 | U46: =P46/T46 -> 4594.0168 | V46: -0.013812155 | W46: =_xlfn.RRI(4,AM46,P46) -> -0.015571497 | X46: =(Table1[[#This Row],[2023 Market share (%)]]-Table1[[#This Row],[2019 Market share (%)]])*10000 -> -93.45651 | Z46: =_xlfn.RRI(4,AO46,T46) -> -0.072785379 | AA46: 1399163 | AB46: =Table1[[#This Row],[2022 U.S. Sales ($000)]]/SUMIF($E:$E, E46, $AA:$AA) -> 0.084713793 | AC46: 362 | AD46: =AA46/AC46 -> 3865.0912 | AE46: 1150900 | AF46: =Table1[[#This Row],[2021 U.S. Sales ($000)]]/SUMIF($E:$E, E46, $AE:$AE) -> 0.076230745 | AG46: 359 | AH46: =AE46/AG46 -> 3205.8496 | AI46: 602700 | AJ46: =Table1[[#This Row],[2020 U.S. Sales ($000)]]/SUMIF($E:$E, E46, $AI:$AI) -> 0.056475359 | AK46: 420 | AL46: =AI46/AK46 -> 1435 | AM46: 1746321 | AN46: =Table1[[#This Row],[2019 U.S. Sales ($000)]]/SUMIF($E:$E, E46, $AM:$AM) -> 0.10306175 | AO46: 483 | AP46: =AM46/AO46 -> 3615.5714
A47: Carl's Jr. | B47: 478 | C47: LSR | D47: QSR | E47: Burger | F47: 46 | H47: =Table1[[#This Row],[2024 U.S. Sales ($000)]]/SUMIF($E:$E, E47, $G:$G) -> #DIV/0! | I47: =VLOOKUP(Table1[[#This Row],[Chain Name]],[1]Sheet1!A$3:G$26,7,0) -> #N/A | J47: =Table1[[#This Row],[2024 U.S. Sales ($000)]]/Table1[[#This Row],[2024 U.S. Units]] -> #N/A | K47: =Table1[[#This Row],[2024 U.S. Units]]/Table1[[#This Row],[2023 U.S. Units]]-1 -> #N/A | L47: =_xlfn.RRI(5,Table1[[#This Row],[2019 U.S. Sales ($000)]],Table1[[#This Row],[2024 U.S. Sales ($000)]]) -> -1 | M47: =(Table1[[#This Row],[2024 Market share (%)]]-Table1[[#This Row],[2019 Market share (%)]])*10000 -> #DIV/0! | P47: 1614300 | Q47: =Table1[[#This Row],[2023 U.S. Sales ($000)]]/SUMIF($E:$E, E47, $P:$P) -> 0.014744747 | R47: =(Table1[[#This Row],[2023 Market share (%)]]-Table1[[#This Row],[2022 Market share (%)]])*10000 -> -18.598308 | S47: -0.048452697 | T47: 1063 | U47: =P47/T47 -> 1518.6265 | V47: -0.0046816479 | W47: =_xlfn.RRI(4,AM47,P47) -> 0.034920775 | X47: =(Table1[[#This Row],[2023 Market share (%)]]-Table1[[#This Row],[2019 Market share (%)]])*10000 -> -15.218796 | Y47: =_xlfn.RRI(4,AP47,U47) -> 0.042384919 | Z47: =_xlfn.RRI(4,AO47,T47) -> -0.0071606407 | AA47: 1696500 | AB47: =Table1[[#This Row],[2022 U.S. Sales ($000)]]/SUMIF($E:$E, E47, $AA:$AA) -> 0.016604578 | AC47: 1068 | AD47: =AA47/AC47 -> 1588.4831 | AE47: 1581900 | AF47: =Table1[[#This Row],[2021 U.S. Sales ($000)]]/SUMIF($E:$E, E47, $AE:$AE) -> 0.016259109 | AG47: 1066 | AH47: =AE47/AG47 -> 1483.9587 | AI47: 1428700 | AJ47: =Table1[[#This Row],[2020 U.S. Sales ($000)]]/SUMIF($E:$E, E47, $AI:$AI) -> 0.016349796 | AK47: 1079 | AL47: =AI47/AK47 -> 1324.0964 | AM47: 1407200 | AN47: =Table1[[#This Row],[2019 U.S. Sales ($000)]]/SUMIF($E:$E, E47, $AM:$AM) -> 0.016266627 | AO47: 1094 | AP47: =AM47/AO47 -> 1286.2888
A48: Red Robin | B48: 531 | C48: FSR | D48: CDR | E48: Varied Menu | F48: 47 | H48: =Table1[[#This Row],[2024 U.S. Sales ($000)]]/SUMIF($E:$E, E48, $G:$G) -> #DIV/0! | I48: =VLOOKUP(Table1[[#This Row],[Chain Name]],[1]Sheet1!A$3:G$26,7,0) -> #N/A | J48: =Table1[[#This Row],[2024 U.S. Sales ($000)]]/Table1[[#This Row],[2024 U.S. Units]] -> #N/A | K48: =Table1[[#This Row],[2024 U.S. Units]]/Table1[[#This Row],[2023 U.S. Units]]-1 -> #N/A | L48: =_xlfn.RRI(5,Table1[[#This Row],[2019 U.S. Sales ($000)]],Table1[[#This Row],[2024 U.S. Sales ($000)]]) -> -1 | M48: =(Table1[[#This Row],[2024 Market share (%)]]-Table1[[#This Row],[2019 Market share (%)]])*10000 -> #DIV/0! | P48: 1563600 | Q48: =Table1[[#This Row],[2023 U.S. Sales ($000)]]/SUMIF($E:$E, E48, $P:$P) -> 0.064818652 | R48: =(Table1[[#This Row],[2023 Market share (%)]]-Table1[[#This Row],[2022 Market share (%)]])*10000 -> 2.3931263 | S48: 0.029564759 | T48: 506 | U48: =P48/T48 -> 3090.1186 | V48: -0.0097847358 | W48: =_xlfn.RRI(4,AM48,P48) -> 0.0018438158 | X48: =(Table1[[#This Row],[2023 Market share (%)]]-Table1[[#This Row],[2019 Market share (%)]])*10000 -> -31.469344 | Z48: =_xlfn.RRI(4,AO48,T48) -> -0.023282585 | AA48: 1518700 | AB48: =Table1[[#This Row],[2022 U.S. Sales ($000)]]/SUMIF($E:$E, E48, $AA:$AA) -> 0.06457934 | AC48: 511 | AD48: =AA48/AC48 -> 2972.0157 | AE48: 1402800 | AF48: =Table1[[#This Row],[2021 U.S. Sales ($000)]]/SUMIF($E:$E, E48, $AE:$AE) -> 0.064585323 | AG48: 531 | AH48: =AE48/AG48 -> 2641.8079 | AI48: 1049336 | AJ48: =Table1[[#This Row],[2020 U.S. Sales ($000)]]/SUMIF($E:$E, E48, $AI:$AI) -> 0.064351581 | AK48: 546 | AL48: =AI48/AK48 -> 1921.8608 | AM48: 1552121 | AN48: =Table1[[#This Row],[2019 U.S. Sales ($000)]]/SUMIF($E:$E, E48, $AM:$AM) -> 0.067965587 | AO48: 556 | AP48: =AM48/AO48 -> 2791.5845
A49: 7 Brew Drive Thru Coffee | B49: 563068 | C49: LSR | D49: QSR | E49: Coffee Cafe | F49: 208 | G49: 502000 | H49: =Table1[[#This Row],[2024 U.S. Sales ($000)]]/SUMIF($E:$E, E49, $G:$G) -> 0.0099344925 | I49: 321 | J49: =Table1[[#This Row],[2024 U.S. Sales ($000)]]/Table1[[#This Row],[2024 U.S. Units]] -> 1563.8629 | K49: =Table1[[#This Row],[2024 U.S. Units]]/Table1[[#This Row],[2023 U.S. Units]]-1 -> 0.78333333 | L49: =_xlfn.RRI(5,Table1[[#This Row],[2019 U.S. Sales ($000)]],Table1[[#This Row],[2024 U.S. Sales ($000)]]) -> 1.1031429 | M49: =(Table1[[#This Row],[2024 Market share (%)]]-Table1[[#This Row],[2019 Market share (%)]])*10000 -> 95.85778 | P49: 191000 | Q49: =Table1[[#This Row],[2023 U.S. Sales ($000)]]/SUMIF($E:$E, E49, $P:$P) -> 0.0038960829 | R49: =(Table1[[#This Row],[2023 Market share (%)]]-Table1[[#This Row],[2022 Market share (%)]])*10000 -> 27.142999 | S49: 2.6730769 | T49: 180 | U49: =P49/T49 -> 1061.1111 | V49: 3.5 | W49: =_xlfn.RRI(4,AM49,P49) -> 0.98915389 | X49: =(Table1[[#This Row],[2023 Market share (%)]]-Table1[[#This Row],[2019 Market share (%)]])*10000 -> 35.473684 | Z49: =_xlfn.RRI(4,AO49,T49) -> 1.2518716 | AA49: 52000 | AB49: =Table1[[#This Row],[2022 U.S. Sales ($000)]]/SUMIF($E:$E, E49, $AA:$AA) -> 0.0011817829 | AC49: 40 | AD49: =AA49/AC49 -> 1300 | AE49: 21600 | AF49: =Table1[[#This Row],[2021 U.S. Sales ($000)]]/SUMIF($E:$E, E49, $AE:$AE) -> 0.00055655631 | AG49: 14 | AH49: =AE49/AG49 -> 1542.8571 | AI49: 15000 | AJ49: =Table1[[#This Row],[2020 U.S. Sales ($000)]]/SUMIF($E:$E, E49, $AI:$AI) -> 0.00048373763 | AK49: 8 | AL49: =AI49/AK49 -> 1875 | AM49: 12200 | AN49: =Table1[[#This Row],[2019 U.S. Sales ($000)]]/SUMIF($E:$E, E49, $AM:$AM) -> 0.00034871448 | AO49: 7 | AP49: =AM49/AO49 -> 1742.8571
A50: Waffle House | B50: 851 | C50: FSR | D50: MSR | E50: Family Style | F50: 49 | H50: =Table1[[#This Row],[2024 U.S. Sales ($000)]]/SUMIF($E:$E, E50, $G:$G) -> #DIV/0! | I50: =VLOOKUP(Table1[[#This Row],[Chain Name]],[1]Sheet1!A$3:G$26,7,0) -> #N/A | J50: =Table1[[#This Row],[2024 U.S. Sales ($000)]]/Table1[[#This Row],[2024 U.S. Units]] -> #N/A | K50: =Table1[[#This Row],[2024 U.S. Units]]/Table1[[#This Row],[2023 U.S. Units]]-1 -> #N/A | L50: =_xlfn.RRI(5,Table1[[#This Row],[2019 U.S. Sales ($000)]],Table1[[#This Row],[2024 U.S. Sales ($000)]]) -> -1 | M50: =(Table1[[#This Row],[2024 Market share (%)]]-Table1[[#This Row],[2019 Market share (%)]])*10000 -> #DIV/0! | P50: 1384600 | Q50: =Table1[[#This Row],[2023 U.S. Sales ($000)]]/SUMIF($E:$E, E50, $P:$P) -> 0.07911844 | R50: =(Table1[[#This Row],[2023 Market share (%)]]-Table1[[#This Row],[2022 Market share (%)]])*10000 -> -6.3281721 | S50: 0.051169147 | T50: 1985 | U50: =P50/T50 -> 697.53149 | V50: 0.0071029934 | W50: =_xlfn.RRI(4,AM50,P50) -> -0.009191876 | X50: =(Table1[[#This Row],[2023 Market share (%)]]-Table1[[#This Row],[2019 Market share (%)]])*10000 -> -56.705596 | Z50: =_xlfn.RRI(4,AO50,T50) -> 0.0048439913 | AA50: 1317200 | AB50: =Table1[[#This Row],[2022 U.S. Sales ($000)]]/SUMIF($E:$E, E50, $AA:$AA) -> 0.079751257 | AC50: 1971 | AD50: =AA50/AC50 -> 668.29021 | AE50: 1233500 | AF50: =Table1[[#This Row],[2021 U.S. Sales ($000)]]/SUMIF($E:$E, E50, $AE:$AE) -> 0.081701819 | AG50: 1961 | AH50: =AE50/AG50 -> 629.01581 | AI50: 917000 | AJ50: =Table1[[#This Row],[2020 U.S. Sales ($000)]]/SUMIF($E:$E, E50, $AI:$AI) -> 0.085926504 | AK50: 1955 | AL50: =AI50/AK50 -> 469.05371 | AM50: 1436700 | AN50: =Table1[[#This Row],[2019 U.S. Sales ($000)]]/SUMIF($E:$E, E50, $AM:$AM) -> 0.084789 | AO50: 1947 | AP50: =AM50/AO50 -> 737.90447
A51: BJ's Restaurant & Brewhouse | B51: 2538 | C51: FSR | D51: CDR | E51: Varied Menu | F51: 50 | H51: =Table1[[#This Row],[2024 U.S. Sales ($000)]]/SUMIF($E:$E, E51, $G:$G) -> #DIV/0! | I51: =VLOOKUP(Table1[[#This Row],[Chain Name]],[1]Sheet1!A$3:G$26,7,0) -> #N/A | J51: =Table1[[#This Row],[2024 U.S. Sales ($000)]]/Table1[[#This Row],[2024 U.S. Units]] -> #N/A | K51: =Table1[[#This Row],[2024 U.S. Units]]/Table1[[#This Row],[2023 U.S. Units]]-1 -> #N/A | L51: =_xlfn.RRI(5,Table1[[#This Row],[2019 U.S. Sales ($000)]],Table1[[#This Row],[2024 U.S. Sales ($000)]]) -> -1 | M51: =(Table1[[#This Row],[2024 Market share (%)]]-Table1[[#This Row],[2019 Market share (%)]])*10000 -> #DIV/0! | P51: 1333229 | Q51: =Table1[[#This Row],[2023 U.S. Sales ($000)]]/SUMIF($E:$E, E51, $P:$P) -> 0.055268679 | R51: =(Table1[[#This Row],[2023 Market share (%)]]-Table1[[#This Row],[2022 Market share (%)]])*10000 -> 6.7258182 | S51: 0.038400188 | T51: 216 | U51: =P51/T51 -> 6172.3565 | V51: 0 | W51: =_xlfn.RRI(4,AM51,P51) -> 0.035085103 | X51: =(Table1[[#This Row],[2023 Market share (%)]]-Table1[[#This Row],[2019 Market share (%)]])*10000 -> 44.101247 | Z51: =_xlfn.RRI(4,AO51,T51) -> 0.0094797327 | AA51: 1283926 | AB51: =Table1[[#This Row],[2022 U.S. Sales ($000)]]/SUMIF($E:$E, E51, $AA:$AA) -> 0.054596098 | AC51: 216 | AD51: =AA51/AC51 -> 5944.1019 | AE51: 1087038 | AF51: =Table1[[#This Row],[2021 U.S. Sales ($000)]]/SUMIF($E:$E, E51, $AE:$AE) -> 0.050047548 | AG51: 212 | AH51: =AE51/AG51 -> 5127.5377 | AI51: 778510 | AJ51: =Table1[[#This Row],[2020 U.S. Sales ($000)]]/SUMIF($E:$E, E51, $AI:$AI) -> 0.047742906 | AK51: 210 | AL51: =AI51/AK51 -> 3707.1905 | AM51: 1161450 | AN51: =Table1[[#This Row],[2019 U.S. Sales ($000)]]/SUMIF($E:$E, E51, $AM:$AM) -> 0.050858555 | AO51: 208 | AP51: =AM51/AO51 -> 5583.8942
A52: Tropical Smoothie Cafe | B52: 5332 | C52: LSR | D52: QSR | E52: Other Beverage/Snack | F52: 51 | H52: =Table1[[#This Row],[2024 U.S. Sales ($000)]]/SUMIF($E:$E, E52, $G:$G) -> #DIV/0! | I52: =VLOOKUP(Table1[[#This Row],[Chain Name]],[1]Sheet1!A$3:G$26,7,0) -> #N/A | J52: =Table1[[#This Row],[2024 U.S. Sales ($000)]]/Table1[[#This Row],[2024 U.S. Units]] -> #N/A | K52: =Table1[[#This Row],[2024 U.S. Units]]/Table1[[#This Row],[2023 U.S. Units]]-1 -> #N/A | L52: =_xlfn.RRI(5,Table1[[#This Row],[2019 U.S. Sales ($000)]],Table1[[#This Row],[2024 U.S. Sales ($000)]]) -> -1 | M52: =(Table1[[#This Row],[2024 Market share (%)]]-Table1[[#This Row],[2019 Market share (%)]])*10000 -> #DIV/0! | P52: 1252655 | Q52: =Table1[[#This Row],[2023 U.S. Sales ($000)]]/SUMIF($E:$E, E52, $P:$P) -> 0.15137219 | R52: =(Table1[[#This Row],[2023 Market share (%)]]-Table1[[#This Row],[2022 Market share (%)]])*10000 -> 56.636068 | S52: 0.16483679 | T52: 1372 | U52: =P52/T52 -> 913.01385 | V52: 0.14524207 | W52: =_xlfn.RRI(4,AM52,P52) -> 0.21394528 | X52: =(Table1[[#This Row],[2023 Market share (%)]]-Table1[[#This Row],[2019 Market share (%)]])*10000 -> 326.06896 | Y52: =_xlfn.RRI(4,AP52,U52) -> 0.071894627 | Z52: =_xlfn.RRI(4,AO52,T52) -> 0.13252296 | AA52: 1075391 | AB52: =Table1[[#This Row],[2022 U.S. Sales ($000)]]/SUMIF($E:$E, E52, $AA:$AA) -> 0.14570859 | AC52: 1198 | AD52: =AA52/AC52 -> 897.65526 | AE52: 948348 | AF52: =Table1[[#This Row],[2021 U.S. Sales ($000)]]/SUMIF($E:$E, E52, $AE:$AE) -> 0.15159306 | AG52: 1039 | AH52: =AE52/AG52 -> 912.75072 | AI52: 690454 | AJ52: =Table1[[#This Row],[2020 U.S. Sales ($000)]]/SUMIF($E:$E, E52, $AI:$AI) -> 0.14959975 | AK52: 914 | AL52: =AI52/AK52 -> 755.42013 | AM52: 576813 | AN52: =Table1[[#This Row],[2019 U.S. Sales ($000)]]/SUMIF($E:$E, E52, $AM:$AM) -> 0.1187653 | AO52: 834 | AP52: =AM52/AO52 -> 691.6223
A53: Firehouse Subs | B53: 2415 | C53: LSR | D53: FC | E53: Sandwich | F53: 52 | H53: =Table1[[#This Row],[2024 U.S. Sales ($000)]]/SUMIF($E:$E, E53, $G:$G) -> #DIV/0! | I53: =VLOOKUP(Table1[[#This Row],[Chain Name]],[1]Sheet1!A$3:G$26,7,0) -> #N/A | J53: =Table1[[#This Row],[2024 U.S. Sales ($000)]]/Table1[[#This Row],[2024 U.S. Units]] -> #N/A | K53: =Table1[[#This Row],[2024 U.S. Units]]/Table1[[#This Row],[2023 U.S. Units]]-1 -> #N/A | L53: =_xlfn.RRI(5,Table1[[#This Row],[2019 U.S. Sales ($000)]],Table1[[#This Row],[2024 U.S. Sales ($000)]]) -> -1 | M53: =(Table1[[#This Row],[2024 Market share (%)]]-Table1[[#This Row],[2019 Market share (%)]])*10000 -> #DIV/0! | P53: 1138000 | Q53: =Table1[[#This Row],[2023 U.S. Sales ($000)]]/SUMIF($E:$E, E53, $P:$P) -> 0.030128989 | R53: =(Table1[[#This Row],[2023 Market share (%)]]-Table1[[#This Row],[2022 Market share (%)]])*10000 -> -6.6937001 | S53: 0.032667877 | T53: 1209 | U53: =P53/T53 -> 941.27378 | V53: 0.01853412 | W53: =_xlfn.RRI(4,AM53,P53) -> 0.081312549 | X53: =(Table1[[#This Row],[2023 Market share (%)]]-Table1[[#This Row],[2019 Market share (%)]])*10000 -> 46.456815 | Y53: =_xlfn.RRI(4,AP53,U53) -> 0.069030668 | Z53: =_xlfn.RRI(4,AO53,T53) -> 0.011488802 | AA53: 1102000 | AB53: =Table1[[#This Row],[2022 U.S. Sales ($000)]]/SUMIF($E:$E, E53, $AA:$AA) -> 0.030798359 | AC53: 1187 | AD53: =AA53/AC53 -> 928.3909 | AE53: 1044000 | AF53: =Table1[[#This Row],[2021 U.S. Sales ($000)]]/SUMIF($E:$E, E53, $AE:$AE) -> 0.031466488 | AG53: 1164 | AH53: =AE53/AG53 -> 896.90722 | AI53: 840016 | AJ53: =Table1[[#This Row],[2020 U.S. Sales ($000)]]/SUMIF($E:$E, E53, $AI:$AI) -> 0.029495507 | AK53: 1153 | AL53: =AI53/AK53 -> 728.54814 | AM53: 832410 | AN53: =Table1[[#This Row],[2019 U.S. Sales ($000)]]/SUMIF($E:$E, E53, $AM:$AM) -> 0.025483308 | AO53: 1155 | AP53: =AM53/AO53 -> 720.7013
A54: Shake Shack | B54: 7716 | C54: LSR | D54: FC | E54: Burger | F54: 53 | H54: =Table1[[#This Row],[2024 U.S. Sales ($000)]]/SUMIF($E:$E, E54, $G:$G) -> #DIV/0! | I54: =VLOOKUP(Table1[[#This Row],[Chain Name]],[1]Sheet1!A$3:G$26,7,0) -> #N/A | J54: =Table1[[#This Row],[2024 U.S. Sales ($000)]]/Table1[[#This Row],[2024 U.S. Units]] -> #N/A | K54: =Table1[[#This Row],[2024 U.S. Units]]/Table1[[#This Row],[2023 U.S. Units]]-1 -> #N/A | L54: =_xlfn.RRI(5,Table1[[#This Row],[2019 U.S. Sales ($000)]],Table1[[#This Row],[2024 U.S. Sales ($000)]]) -> -1 | M54: =(Table1[[#This Row],[2024 Market share (%)]]-Table1[[#This Row],[2019 Market share (%)]])*10000 -> #DIV/0! | P54: 1129219 | Q54: =Table1[[#This Row],[2023 U.S. Sales ($000)]]/SUMIF($E:$E, E54, $P:$P) -> 0.010314098 | R54: =(Table1[[#This Row],[2023 Market share (%)]]-Table1[[#This Row],[2022 Market share (%)]])*10000 -> 11.786929 | S54: 0.20982997 | T54: 334 | U54: =P54/T54 -> 3380.8952 | V54: 0.16376307 | W54: =_xlfn.RRI(4,AM54,P54) -> 0.16386005 | X54: =(Table1[[#This Row],[2023 Market share (%)]]-Table1[[#This Row],[2019 Market share (%)]])*10000 -> 32.000498 | Y54: =_xlfn.RRI(4,AP54,U54) -> 0.0040540125 | Z54: =_xlfn.RRI(4,AO54,T54) -> 0.1591608 | AA54: 933370 | AB54: =Table1[[#This Row],[2022 U.S. Sales ($000)]]/SUMIF($E:$E, E54, $AA:$AA) -> 0.0091354051 | AC54: 287 | AD54: =AA54/AC54 -> 3252.1603 | AE54: 765289 | AF54: =Table1[[#This Row],[2021 U.S. Sales ($000)]]/SUMIF($E:$E, E54, $AE:$AE) -> 0.0078658051 | AG54: 243 | AH54: =AE54/AG54 -> 3149.3374 | AI54: 544939 | AJ54: =Table1[[#This Row],[2020 U.S. Sales ($000)]]/SUMIF($E:$E, E54, $AI:$AI) -> 0.0062361877 | AK54: 205 | AL54: =AI54/AK54 -> 2658.239 | AM54: 615425 | AN54: =Table1[[#This Row],[2019 U.S. Sales ($000)]]/SUMIF($E:$E, E54, $AM:$AM) -> 0.0071140482 | AO54: 185 | AP54: =AM54/AO54 -> 3326.6216
A55: First Watch | B55: 2410 | C55: FSR | D55: MSR | E55: Family Style | F55: 54 | H55: =Table1[[#This Row],[2024 U.S. Sales ($000)]]/SUMIF($E:$E, E55, $G:$G) -> #DIV/0! | I55: =VLOOKUP(Table1[[#This Row],[Chain Name]],[1]Sheet1!A$3:G$26,7,0) -> #N/A | J55: =Table1[[#This Row],[2024 U.S. Sales ($000)]]/Table1[[#This Row],[2024 U.S. Units]] -> #N/A | K55: =Table1[[#This Row],[2024 U.S. Units]]/Table1[[#This Row],[2023 U.S. Units]]-1 -> #N/A | L55: =_xlfn.RRI(5,Table1[[#This Row],[2019 U.S. Sales ($000)]],Table1[[#This Row],[2024 U.S. Sales ($000)]]) -> -1 | M55: =(Table1[[#This Row],[2024 Market share (%)]]-Table1[[#This Row],[2019 Market share (%)]])*10000 -> #DIV/0! | P55: 1103089 | Q55: =Table1[[#This Row],[2023 U.S. Sales ($000)]]/SUMIF($E:$E, E55, $P:$P) -> 0.063032415 | R55: =(Table1[[#This Row],[2023 Market share (%)]]-Table1[[#This Row],[2022 Market share (%)]])*10000 -> 76.43919 | S55: 0.20580423 | T55: 524 | U55: =P55/T55 -> 2105.1317 | V55: 0.10548523 | W55: =_xlfn.RRI(4,AM55,P55) -> 0.1855418 | X55: =(Table1[[#This Row],[2023 Market share (%)]]-Table1[[#This Row],[2019 Market share (%)]])*10000 -> 300.7778 | Z55: =_xlfn.RRI(4,AO55,T55) -> 0.092372773 | AA55: 914816 | AB55: =Table1[[#This Row],[2022 U.S. Sales ($000)]]/SUMIF($E:$E, E55, $AA:$AA) -> 0.055388496 | AC55: 474 | AD55: =AA55/AC55 -> 1929.9916 | AE55: 750674 | AF55: =Table1[[#This Row],[2021 U.S. Sales ($000)]]/SUMIF($E:$E, E55, $AE:$AE) -> 0.049721469 | AG55: 435 | AH55: =AE55/AG55 -> 1725.6874 | AI55: 426303 | AJ55: =Table1[[#This Row],[2020 U.S. Sales ($000)]]/SUMIF($E:$E, E55, $AI:$AI) -> 0.039946266 | AK55: 409 | AL55: =AI55/AK55 -> 1042.3056 | AM55: 558397 | AN55: =Table1[[#This Row],[2019 U.S. Sales ($000)]]/SUMIF($E:$E, E55, $AM:$AM) -> 0.032954634 | AO55: 368 | AP55: =AM55/AO55 -> 1517.3832
A56: El Pollo Loco | B56: 497 | C56: LSR | D56: QSR | E56: Chicken | F56: 55 | H56: =Table1[[#This Row],[2024 U.S. Sales ($000)]]/SUMIF($E:$E, E56, $G:$G) -> #DIV/0! | I56: =VLOOKUP(Table1[[#This Row],[Chain Name]],[1]Sheet1!A$3:G$26,7,0) -> #N/A | J56: =Table1[[#This Row],[2024 U.S. Sales ($000)]]/Table1[[#This Row],[2024 U.S. Units]] -> #N/A | K56: =Table1[[#This Row],[2024 U.S. Units]]/Table1[[#This Row],[2023 U.S. Units]]-1 -> #N/A | L56: =_xlfn.RRI(5,Table1[[#This Row],[2019 U.S. Sales ($000)]],Table1[[#This Row],[2024 U.S. Sales ($000)]]) -> -1 | M56: =(Table1[[#This Row],[2024 Market share (%)]]-Table1[[#This Row],[2019 Market share (%)]])*10000 -> #DIV/0! | P56: 1050214 | Q56: =Table1[[#This Row],[2023 U.S. Sales ($000)]]/SUMIF($E:$E, E56, $P:$P) -> 0.021440502 | R56: =(Table1[[#This Row],[2023 Market share (%)]]-Table1[[#This Row],[2022 Market share (%)]])*10000 -> -23.732601 | S56: 0.010757076 | T56: 495 | U56: =P56/T56 -> 2121.6444 | V56: 0.010204082 | W56: =_xlfn.RRI(4,AM56,P56) -> 0.040929532 | X56: =(Table1[[#This Row],[2023 Market share (%)]]-Table1[[#This Row],[2019 Market share (%)]])*10000 -> -76.974537 | Y56: =_xlfn.RRI(4,AP56,U56) -> 0.034026788 | Z56: =_xlfn.RRI(4,AO56,T56) -> 0.0066755952 | AA56: 1039037 | AB56: =Table1[[#This Row],[2022 U.S. Sales ($000)]]/SUMIF($E:$E, E56, $AA:$AA) -> 0.023813762 | AC56: 490 | AD56: =AA56/AC56 -> 2120.4837 | AE56: 973230 | AF56: =Table1[[#This Row],[2021 U.S. Sales ($000)]]/SUMIF($E:$E, E56, $AE:$AE) -> 0.024754758 | AG56: 480 | AH56: =AE56/AG56 -> 2027.5625 | AI56: 879623 | AJ56: =Table1[[#This Row],[2020 U.S. Sales ($000)]]/SUMIF($E:$E, E56, $AI:$AI) -> 0.026009481 | AK56: 479 | AL56: =AI56/AK56 -> 1836.3737 | AM56: 894525 | AN56: =Table1[[#This Row],[2019 U.S. Sales ($000)]]/SUMIF($E:$E, E56, $AM:$AM) -> 0.029137955 | AO56: 482 | AP56: =AM56/AO56 -> 1855.861
A57: Marco's Pizza | B57: 2775 | C57: LSR | D57: QSR | E57: Pizza | F57: 56 | H57: =Table1[[#This Row],[2024 U.S. Sales ($000)]]/SUMIF($E:$E, E57, $G:$G) -> #DIV/0! | I57: =VLOOKUP(Table1[[#This Row],[Chain Name]],[1]Sheet1!A$3:G$26,7,0) -> #N/A | J57: =Table1[[#This Row],[2024 U.S. Sales ($000)]]/Table1[[#This Row],[2024 U.S. Units]] -> #N/A | K57: =Table1[[#This Row],[2024 U.S. Units]]/Table1[[#This Row],[2023 U.S. Units]]-1 -> #N/A | L57: =_xlfn.RRI(5,Table1[[#This Row],[2019 U.S. Sales ($000)]],Table1[[#This Row],[2024 U.S. Sales ($000)]]) -> -1 | M57: =(Table1[[#This Row],[2024 Market share (%)]]-Table1[[#This Row],[2019 Market share (%)]])*10000 -> #DIV/0! | P57: 1041312 | Q57: =Table1[[#This Row],[2023 U.S. Sales ($000)]]/SUMIF($E:$E, E57, $P:$P) -> 0.034089096 | R57: =(Table1[[#This Row],[2023 Market share (%)]]-Table1[[#This Row],[2022 Market share (%)]])*10000 -> 14.930975 | S57: 0.076212495 | T57: 1144 | U57: =P57/T57 -> 910.23776 | V57: 0.072164948 | W57: =_xlfn.RRI(4,AM57,P57) -> 0.13470826 | X57: =(Table1[[#This Row],[2023 Market share (%)]]-Table1[[#This Row],[2019 Market share (%)]])*10000 -> 97.514479 | Y57: =_xlfn.RRI(4,AP57,U57) -> 0.073082184 | Z57: =_xlfn.RRI(4,AO57,T57) -> 0.057429039 | AA57: 967571 | AB57: =Table1[[#This Row],[2022 U.S. Sales ($000)]]/SUMIF($E:$E, E57, $AA:$AA) -> 0.032595998 | AC57: 1067 | AD57: =AA57/AC57 -> 906.81443 | AE57: 898630 | AF57: =Table1[[#This Row],[2021 U.S. Sales ($000)]]/SUMIF($E:$E, E57, $AE:$AE) -> 0.030914156 | AG57: 1002 | AH57: =AE57/AG57 -> 896.83633 | AI57: 760258 | AJ57: =Table1[[#This Row],[2020 U.S. Sales ($000)]]/SUMIF($E:$E, E57, $AI:$AI) -> 0.028088088 | AK57: 954 | AL57: =AI57/AK57 -> 796.91614 | AM57: 628122 | AN57: =Table1[[#This Row],[2019 U.S. Sales ($000)]]/SUMIF($E:$E, E57, $AM:$AM) -> 0.024337648 | AO57: 915 | AP57: =AM57/AO57 -> 686.47213
A58: McAlister's Deli | B58: 1655 | C58: LSR | D58: FC | E58: Sandwich | F58: 57 | H58: =Table1[[#This Row],[2024 U.S. Sales ($000)]]/SUMIF($E:$E, E58, $G:$G) -> #DIV/0! | I58: =VLOOKUP(Table1[[#This Row],[Chain Name]],[1]Sheet1!A$3:G$26,7,0) -> #N/A | J58: =Table1[[#This Row],[2024 U.S. Sales ($000)]]/Table1[[#This Row],[2024 U.S. Units]] -> #N/A | K58: =Table1[[#This Row],[2024 U.S. Units]]/Table1[[#This Row],[2023 U.S. Units]]-1 -> #N/A | L58: =_xlfn.RRI(5,Table1[[#This Row],[2019 U.S. Sales ($000)]],Table1[[#This Row],[2024 U.S. Sales ($000)]]) -> -1 | M58: =(Table1[[#This Row],[2024 Market share (%)]]-Table1[[#This Row],[2019 Market share (%)]])*10000 -> #DIV/0! | P58: 1021833 | Q58: =Table1[[#This Row],[2023 U.S. Sales ($000)]]/SUMIF($E:$E, E58, $P:$P) -> 0.027053423 | R58: =(Table1[[#This Row],[2023 Market share (%)]]-Table1[[#This Row],[2022 Market share (%)]])*10000 -> 3.385853 | S58: 0.068989326 | T58: 539 | U58: =P58/T58 -> 1895.7941 | V58: 0.026666667 | W58: =_xlfn.RRI(4,AM58,P58) -> 0.092008575 | X58: =(Table1[[#This Row],[2023 Market share (%)]]-Table1[[#This Row],[2019 Market share (%)]])*10000 -> 50.548638 | Y58: =_xlfn.RRI(4,AP58,U58) -> 0.054683296 | Z58: =_xlfn.RRI(4,AO58,T58) -> 0.035390034 | AA58: 955887 | AB58: =Table1[[#This Row],[2022 U.S. Sales ($000)]]/SUMIF($E:$E, E58, $AA:$AA) -> 0.026714838 | AC58: 525 | AD58: =AA58/AC58 -> 1820.7371 | AE58: 869957 | AF58: =Table1[[#This Row],[2021 U.S. Sales ($000)]]/SUMIF($E:$E, E58, $AE:$AE) -> 0.026220778 | AG58: 505 | AH58: =AE58/AG58 -> 1722.6871 | AI58: 625028 | AJ58: =Table1[[#This Row],[2020 U.S. Sales ($000)]]/SUMIF($E:$E, E58, $AI:$AI) -> 0.021946627 | AK58: 481 | AL58: =AI58/AK58 -> 1299.4345 | AM58: 718581 | AN58: =Table1[[#This Row],[2019 U.S. Sales ($000)]]/SUMIF($E:$E, E58, $AM:$AM) -> 0.021998559 | AO58: 469 | AP58: =AM58/AO58 -> 1532.1557
A59: P.F. Chang's | B59: 1510 | C59: FSR | D59: CDR | E59: Asian | F59: 58 | H59: =Table1[[#This Row],[2024 U.S. Sales ($000)]]/SUMIF($E:$E, E59, $G:$G) -> #DIV/0! | I59: =VLOOKUP(Table1[[#This Row],[Chain Name]],[1]Sheet1!A$3:G$26,7,0) -> #N/A | J59: =Table1[[#This Row],[2024 U.S. Sales ($000)]]/Table1[[#This Row],[2024 U.S. Units]] -> #N/A | K59: =Table1[[#This Row],[2024 U.S. Units]]/Table1[[#This Row],[2023 U.S. Units]]-1 -> #N/A | L59: =_xlfn.RRI(5,Table1[[#This Row],[2019 U.S. Sales ($000)]],Table1[[#This Row],[2024 U.S. Sales ($000)]]) -> -1 | M59: =(Table1[[#This Row],[2024 Market share (%)]]-Table1[[#This Row],[2019 Market share (%)]])*10000 -> #DIV/0! | P59: 994310 | Q59: =Table1[[#This Row],[2023 U.S. Sales ($000)]]/SUMIF($E:$E, E59, $P:$P) -> 0.28064815 | R59: =(Table1[[#This Row],[2023 Market share (%)]]-Table1[[#This Row],[2022 Market share (%)]])*10000 -> -435.48161 | S59: -0.025797539 | T59: 225 | U59: =P59/T59 -> 4419.1556 | V59: 0.0089686099 | W59: =_xlfn.RRI(4,AM59,P59) -> 0.030103954 | X59: =(Table1[[#This Row],[2023 Market share (%)]]-Table1[[#This Row],[2019 Market share (%)]])*10000 -> -519.80311 | Z59: =_xlfn.RRI(4,AO59,T59) -> 0.011430427 | AA59: 1020640 | AB59: =Table1[[#This Row],[2022 U.S. Sales ($000)]]/SUMIF($E:$E, E59, $AA:$AA) -> 0.32419631 | AC59: 223 | AD59: =AA59/AC59 -> 4576.861 | AE59: 933500 | AF59: =Table1[[#This Row],[2021 U.S. Sales ($000)]]/SUMIF($E:$E, E59, $AE:$AE) -> 0.35102483 | AG59: 213 | AH59: =AE59/AG59 -> 4382.6291 | AI59: 700200 | AJ59: =Table1[[#This Row],[2020 U.S. Sales ($000)]]/SUMIF($E:$E, E59, $AI:$AI) -> 0.36950083 | AK59: 208 | AL59: =AI59/AK59 -> 3366.3462 | AM59: 883075 | AN59: =Table1[[#This Row],[2019 U.S. Sales ($000)]]/SUMIF($E:$E, E59, $AM:$AM) -> 0.33262846 | AO59: 215 | AP59: =AM59/AO59 -> 4107.3256
A60: Qdoba Mexican Eats | B60: 1767 | C60: LSR | D60: FC | E60: Mexican | F60: 59 | H60: =Table1[[#This Row],[2024 U.S. Sales ($000)]]/SUMIF($E:$E, E60, $G:$G) -> #DIV/0! | I60: =VLOOKUP(Table1[[#This Row],[Chain Name]],[1]Sheet1!A$3:G$26,7,0) -> #N/A | J60: =Table1[[#This Row],[2024 U.S. Sales ($000)]]/Table1[[#This Row],[2024 U.S. Units]] -> #N/A | K60: =Table1[[#This Row],[2024 U.S. Units]]/Table1[[#This Row],[2023 U.S. Units]]-1 -> #N/A | L60: =_xlfn.RRI(5,Table1[[#This Row],[2019 U.S. Sales ($000)]],Table1[[#This Row],[2024 U.S. Sales ($000)]]) -> -1 | M60: =(Table1[[#This Row],[2024 Market share (%)]]-Table1[[#This Row],[2019 Market share (%)]])*10000 -> #DIV/0! | P60: 990400 | Q60: =Table1[[#This Row],[2023 U.S. Sales ($000)]]/SUMIF($E:$E, E60, $P:$P) -> 0.029931538 | R60: =(Table1[[#This Row],[2023 Market share (%)]]-Table1[[#This Row],[2022 Market share (%)]])*10000 -> -4.4304941 | S60: 0.076521739 | T60: 747 | U60: =P60/T60 -> 1325.8367 | V60: 0.019099591 | W60: =_xlfn.RRI(4,AM60,P60) -> 0.02387827 | X60: =(Table1[[#This Row],[2023 Market share (%)]]-Table1[[#This Row],[2019 Market share (%)]])*10000 -> -72.420556 | Z60: =_xlfn.RRI(4,AO60,T60) -> 0.0057717555 | AA60: 920000 | AB60: =Table1[[#This Row],[2022 U.S. Sales ($000)]]/SUMIF($E:$E, E60, $AA:$AA) -> 0.030374588 | AC60: 733 | AD60: =AA60/AC60 -> 1255.116 | AE60: 878212 | AF60: =Table1[[#This Row],[2021 U.S. Sales ($000)]]/SUMIF($E:$E, E60, $AE:$AE) -> 0.032040709 | AG60: 739 | AH60: =AE60/AG60 -> 1188.3789 | AI60: 818000 | AJ60: =Table1[[#This Row],[2020 U.S. Sales ($000)]]/SUMIF($E:$E, E60, $AI:$AI) -> 0.034702723 | AK60: 741 | AL60: =AI60/AK60 -> 1103.9136 | AM60: 901192 | AN60: =Table1[[#This Row],[2019 U.S. Sales ($000)]]/SUMIF($E:$E, E60, $AM:$AM) -> 0.037173594 | AO60: 730 | AP60: =AM60/AO60 -> 1234.5096
A61: Moe's Southwest Grill | B61: 2406 | C61: LSR | D61: FC | E61: Mexican | F61: 75 | H61: =Table1[[#This Row],[2024 U.S. Sales ($000)]]/SUMIF($E:$E, E61, $G:$G) -> #DIV/0! | I61: =VLOOKUP(Table1[[#This Row],[Chain Name]],[1]Sheet1!A$3:G$26,7,0) -> #N/A | J61: =Table1[[#This Row],[2024 U.S. Sales ($000)]]/Table1[[#This Row],[2024 U.S. Units]] -> #N/A | K61: =Table1[[#This Row],[2024 U.S. Units]]/Table1[[#This Row],[2023 U.S. Units]]-1 -> #N/A | L61: =_xlfn.RRI(5,Table1[[#This Row],[2019 U.S. Sales ($000)]],Table1[[#This Row],[2024 U.S. Sales ($000)]]) -> -1 | M61: =(Table1[[#This Row],[2024 Market share (%)]]-Table1[[#This Row],[2019 Market share (%)]])*10000 -> #DIV/0! | P61: 731477 | Q61: =Table1[[#This Row],[2023 U.S. Sales ($000)]]/SUMIF($E:$E, E61, $P:$P) -> 0.022106454 | R61: =(Table1[[#This Row],[2023 Market share (%)]]-Table1[[#This Row],[2022 Market share (%)]])*10000 -> -11.80422 | S61: 0.037079413 | T61: 612 | U61: =P61/T61 -> 1195.2239 | V61: -0.039246468 | W61: =_xlfn.RRI(4,AM61,P61) -> 0.00018635375 | X61: =(Table1[[#This Row],[2023 Market share (%)]]-Table1[[#This Row],[2019 Market share (%)]])*10000 -> -80.440239 | Z61: =_xlfn.RRI(4,AO61,T61) -> -0.04048105 | AA61: 705324 | AB61: =Table1[[#This Row],[2022 U.S. Sales ($000)]]/SUMIF($E:$E, E61, $AA:$AA) -> 0.023286876 | AC61: 637 | AD61: =AA61/AC61 -> 1107.259 | AE61: 661856 | AF61: =Table1[[#This Row],[2021 U.S. Sales ($000)]]/SUMIF($E:$E, E61, $AE:$AE) -> 0.024147171 | AG61: 659 | AH61: =AE61/AG61 -> 1004.3338 | AI61: 560630 | AJ61: =Table1[[#This Row],[2020 U.S. Sales ($000)]]/SUMIF($E:$E, E61, $AI:$AI) -> 0.023784093 | AK61: 681 | AL61: =AI61/AK61 -> 823.24523 | AM61: 730932 | AN61: =Table1[[#This Row],[2019 U.S. Sales ($000)]]/SUMIF($E:$E, E61, $AM:$AM) -> 0.030150478 | AO61: 722 | AP61: =AM61/AO61 -> 1012.3712
A62: Crumbl | B62: 563010 | C62: LSR | D62: QSR | E62: Other Beverage/Snack | F62: 61 | H62: =Table1[[#This Row],[2024 U.S. Sales ($000)]]/SUMIF($E:$E, E62, $G:$G) -> #DIV/0! | I62: =VLOOKUP(Table1[[#This Row],[Chain Name]],[1]Sheet1!A$3:G$26,7,0) -> #N/A | J62: =Table1[[#This Row],[2024 U.S. Sales ($000)]]/Table1[[#This Row],[2024 U.S. Units]] -> #N/A | K62: =Table1[[#This Row],[2024 U.S. Units]]/Table1[[#This Row],[2023 U.S. Units]]-1 -> #N/A | L62: =_xlfn.RRI(5,Table1[[#This Row],[2019 U.S. Sales ($000)]],Table1[[#This Row],[2024 U.S. Sales ($000)]]) -> -1 | M62: =(Table1[[#This Row],[2024 Market share (%)]]-Table1[[#This Row],[2019 Market share (%)]])*10000 -> #DIV/0! | P62: 950600 | Q62: =Table1[[#This Row],[2023 U.S. Sales ($000)]]/SUMIF($E:$E, E62, $P:$P) -> 0.11487154 | R62: =(Table1[[#This Row],[2023 Market share (%)]]-Table1[[#This Row],[2022 Market share (%)]])*10000 -> -17.071458 | S62: 0.10483496 | T62: 970 | U62: =P62/T62 -> 980 | V62: 0.40783745 | W62: =_xlfn.RRI(4,AM62,P62) -> 1.107355 | X62: =(Table1[[#This Row],[2023 Market share (%)]]-Table1[[#This Row],[2019 Market share (%)]])*10000 -> 1049.472 | Z62: =_xlfn.RRI(4,AO62,T62) -> 1.0492845 | AA62: 860400 | AB62: =Table1[[#This Row],[2022 U.S. Sales ($000)]]/SUMIF($E:$E, E62, $AA:$AA) -> 0.11657868 | AC62: 689 | AD62: =AA62/AC62 -> 1248.7663 | AE62: 371200 | AF62: =Table1[[#This Row],[2021 U.S. Sales ($000)]]/SUMIF($E:$E, E62, $AE:$AE) -> 0.059336177 | AG62: 326 | AH62: =AE62/AG62 -> 1138.6503 | AI62: 132100 | AJ62: =Table1[[#This Row],[2020 U.S. Sales ($000)]]/SUMIF($E:$E, E62, $AI:$AI) -> 0.028621931 | AK62: 142 | AL62: =AI62/AK62 -> 930.28169 | AM62: 48200 | AN62: =Table1[[#This Row],[2019 U.S. Sales ($000)]]/SUMIF($E:$E, E62, $AM:$AM) -> 0.0099243382 | AO62: 55 | AP62: =AM62/AO62 -> 876.36364
A63: Freddy's Frozen Custard & Steakburgers | B63: 6622 | C63: LSR | D63: FC | E63: Burger | F63: 62 | H63: =Table1[[#This Row],[2024 U.S. Sales ($000)]]/SUMIF($E:$E, E63, $G:$G) -> #DIV/0! | I63: =VLOOKUP(Table1[[#This Row],[Chain Name]],[1]Sheet1!A$3:G$26,7,0) -> #N/A | J63: =Table1[[#This Row],[2024 U.S. Sales ($000)]]/Table1[[#This Row],[2024 U.S. Units]] -> #N/A | K63: =Table1[[#This Row],[2024 U.S. Units]]/Table1[[#This Row],[2023 U.S. Units]]-1 -> #N/A | L63: =_xlfn.RRI(5,Table1[[#This Row],[2019 U.S. Sales ($000)]],Table1[[#This Row],[2024 U.S. Sales ($000)]]) -> -1 | M63: =(Table1[[#This Row],[2024 Market share (%)]]-Table1[[#This Row],[2019 Market share (%)]])*10000 -> #DIV/0! | P63: 925096 | Q63: =Table1[[#This Row],[2023 U.S. Sales ($000)]]/SUMIF($E:$E, E63, $P:$P) -> 0.0084496726 | R63: =(Table1[[#This Row],[2023 Market share (%)]]-Table1[[#This Row],[2022 Market share (%)]])*10000 -> 5.4305518 | S63: 0.14517024 | T63: 515 | U63: =P63/T63 -> 1796.3029 | V63: 0.12938596 | W63: =_xlfn.RRI(4,AM63,P63) -> 0.14623732 | X63: =(Table1[[#This Row],[2023 Market share (%)]]-Table1[[#This Row],[2019 Market share (%)]])*10000 -> 22.548298 | Z63: =_xlfn.RRI(4,AO63,T63) -> 0.089879769 | AA63: 807824 | AB63: =Table1[[#This Row],[2022 U.S. Sales ($000)]]/SUMIF($E:$E, E63, $AA:$AA) -> 0.0079066174 | AC63: 456 | AD63: =AA63/AC63 -> 1771.5439 | AE63: 759014 | AF63: =Table1[[#This Row],[2021 U.S. Sales ($000)]]/SUMIF($E:$E, E63, $AE:$AE) -> 0.0078013093 | AG63: 421 | AH63: =AE63/AG63 -> 1802.8836 | AI63: 643130 | AJ63: =Table1[[#This Row],[2020 U.S. Sales ($000)]]/SUMIF($E:$E, E63, $AI:$AI) -> 0.0073598685 | AK63: 390 | AL63: =AI63/AK63 -> 1649.0513 | AM63: 535906 | AN63: =Table1[[#This Row],[2019 U.S. Sales ($000)]]/SUMIF($E:$E, E63, $AM:$AM) -> 0.0061948428 | AO63: 365 | AP63: =AM63/AO63 -> 1468.2356
A64: Krispy Kreme | B64: 1115 | C64: LSR | D64: QSR | E64: Other Beverage/Snack | F64: 63 | H64: =Table1[[#This Row],[2024 U.S. Sales ($000)]]/SUMIF($E:$E, E64, $G:$G) -> #DIV/0! | I64: =VLOOKUP(Table1[[#This Row],[Chain Name]],[1]Sheet1!A$3:G$26,7,0) -> #N/A | J64: =Table1[[#This Row],[2024 U.S. Sales ($000)]]/Table1[[#This Row],[2024 U.S. Units]] -> #N/A | K64: =Table1[[#This Row],[2024 U.S. Units]]/Table1[[#This Row],[2023 U.S. Units]]-1 -> #N/A | L64: =_xlfn.RRI(5,Table1[[#This Row],[2019 U.S. Sales ($000)]],Table1[[#This Row],[2024 U.S. Sales ($000)]]) -> -1 | M64: =(Table1[[#This Row],[2024 Market share (%)]]-Table1[[#This Row],[2019 Market share (%)]])*10000 -> #DIV/0! | P64: 884000 | Q64: =Table1[[#This Row],[2023 U.S. Sales ($000)]]/SUMIF($E:$E, E64, $P:$P) -> 0.10682352 | R64: =(Table1[[#This Row],[2023 Market share (%)]]-Table1[[#This Row],[2022 Market share (%)]])*10000 -> -54.193674 | S64: 0.067117335 | T64: 362 | U64: =P64/T64 -> 2441.989 | V64: 0.0055555556 | W64: =_xlfn.RRI(4,AM64,P64) -> 0.10012934 | X64: =(Table1[[#This Row],[2023 Market share (%)]]-Table1[[#This Row],[2019 Market share (%)]])*10000 -> -174.36606 | Z64: =_xlfn.RRI(4,AO64,T64) -> 0.0013860047 | AA64: 828400 | AB64: =Table1[[#This Row],[2022 U.S. Sales ($000)]]/SUMIF($E:$E, E64, $AA:$AA) -> 0.11224289 | AC64: 360 | AD64: =AA64/AC64 -> 2301.1111 | AE64: 766200 | AF64: =Table1[[#This Row],[2021 U.S. Sales ($000)]]/SUMIF($E:$E, E64, $AE:$AE) -> 0.12247677 | AG64: 363 | AH64: =AE64/AG64 -> 2110.7438 | AI64: 655000 | AJ64: =Table1[[#This Row],[2020 U.S. Sales ($000)]]/SUMIF($E:$E, E64, $AI:$AI) -> 0.14191798 | AK64: 363 | AL64: =AI64/AK64 -> 1804.4077 | AM64: 603500 | AN64: =Table1[[#This Row],[2019 U.S. Sales ($000)]]/SUMIF($E:$E, E64, $AM:$AM) -> 0.12426013 | AO64: 360 | AP64: =AM64/AO64 -> 1676.3889
A65: Ruth's Chris Steak House | B65: 606 | C65: FSR | D65: FD | E65: Steak | F65: 64 | H65: =Table1[[#This Row],[2024 U.S. Sales ($000)]]/SUMIF($E:$E, E65, $G:$G) -> #DIV/0! | I65: =VLOOKUP(Table1[[#This Row],[Chain Name]],[1]Sheet1!A$3:G$26,7,0) -> #N/A | J65: =Table1[[#This Row],[2024 U.S. Sales ($000)]]/Table1[[#This Row],[2024 U.S. Units]] -> #N/A | K65: =Table1[[#This Row],[2024 U.S. Units]]/Table1[[#This Row],[2023 U.S. Units]]-1 -> #N/A | L65: =_xlfn.RRI(5,Table1[[#This Row],[2019 U.S. Sales ($000)]],Table1[[#This Row],[2024 U.S. Sales ($000)]]) -> -1 | M65: =(Table1[[#This Row],[2024 Market share (%)]]-Table1[[#This Row],[2019 Market share (%)]])*10000 -> #DIV/0! | P65: 834000 | Q65: =Table1[[#This Row],[2023 U.S. Sales ($000)]]/SUMIF($E:$E, E65, $P:$P) -> 0.052238727 | R65: =(Table1[[#This Row],[2023 Market share (%)]]-Table1[[#This Row],[2022 Market share (%)]])*10000 -> -0.026740896 | S65: 0.0910932 | T65: 132 | U65: =P65/T65 -> 6318.1818 | V65: 0.03125 | W65: =_xlfn.RRI(4,AM65,P65) -> 0.042770297 | X65: =(Table1[[#This Row],[2023 Market share (%)]]-Table1[[#This Row],[2019 Market share (%)]])*10000 -> -40.150597 | Z65: =_xlfn.RRI(4,AO65,T65) -> -0.0056024613 | AA65: 764371 | AB65: =Table1[[#This Row],[2022 U.S. Sales ($000)]]/SUMIF($E:$E, E65, $AA:$AA) -> 0.052241401 | AC65: 128 | AD65: =AA65/AC65 -> 5971.6484 | AE65: 651415 | AF65: =Table1[[#This Row],[2021 U.S. Sales ($000)]]/SUMIF($E:$E, E65, $AE:$AE) -> 0.050118658 | AG65: 125 | AH65: =AE65/AG65 -> 5211.32 | AI65: 414763 | AJ65: =Table1[[#This Row],[2020 U.S. Sales ($000)]]/SUMIF($E:$E, E65, $AI:$AI) -> 0.044163649 | AK65: 125 | AL65: =AI65/AK65 -> 3318.104 | AM65: 705361 | AN65: =Table1[[#This Row],[2019 U.S. Sales ($000)]]/SUMIF($E:$E, E65, $AM:$AM) -> 0.056253787 | AO65: 135 | AP65: =AM65/AO65 -> 5224.8963
A66: Yard House | B66: 2217 | C66: FSR | D66: CDR | E66: Varied Menu | F66: 65 | H66: =Table1[[#This Row],[2024 U.S. Sales ($000)]]/SUMIF($E:$E, E66, $G:$G) -> #DIV/0! | I66: =VLOOKUP(Table1[[#This Row],[Chain Name]],[1]Sheet1!A$3:G$26,7,0) -> #N/A | J66: =Table1[[#This Row],[2024 U.S. Sales ($000)]]/Table1[[#This Row],[2024 U.S. Units]] -> #N/A | K66: =Table1[[#This Row],[2024 U.S. Units]]/Table1[[#This Row],[2023 U.S. Units]]-1 -> #N/A | L66: =_xlfn.RRI(5,Table1[[#This Row],[2019 U.S. Sales ($000)]],Table1[[#This Row],[2024 U.S. Sales ($000)]]) -> -1 | M66: =(Table1[[#This Row],[2024 Market share (%)]]-Table1[[#This Row],[2019 Market share (%)]])*10000 -> #DIV/0! | P66: 813000 | Q66: =Table1[[#This Row],[2023 U.S. Sales ($000)]]/SUMIF($E:$E, E66, $P:$P) -> 0.033702715 | R66: =(Table1[[#This Row],[2023 Market share (%)]]-Table1[[#This Row],[2022 Market share (%)]])*10000 -> 30.012703 | S66: 0.12603878 | T66: 86 | U66: =P66/T66 -> 9453.4884 | V66: 0.011764706 | W66: =_xlfn.RRI(4,AM66,P66) -> 0.074680105 | X66: =(Table1[[#This Row],[2023 Market share (%)]]-Table1[[#This Row],[2019 Market share (%)]])*10000 -> 70.134131 | Z66: =_xlfn.RRI(4,AO66,T66) -> 0.02145171 | AA66: 722000 | AB66: =Table1[[#This Row],[2022 U.S. Sales ($000)]]/SUMIF($E:$E, E66, $AA:$AA) -> 0.030701444 | AC66: 85 | AD66: =AA66/AC66 -> 8494.1176 | AE66: 575200 | AF66: =Table1[[#This Row],[2021 U.S. Sales ($000)]]/SUMIF($E:$E, E66, $AE:$AE) -> 0.026482377 | AG66: 81 | AH66: =AE66/AG66 -> 7101.2346 | AI66: 420000 | AJ66: =Table1[[#This Row],[2020 U.S. Sales ($000)]]/SUMIF($E:$E, E66, $AI:$AI) -> 0.025756921 | AK66: 81 | AL66: =AI66/AK66 -> 5185.1852 | AM66: 609500 | AN66: =Table1[[#This Row],[2019 U.S. Sales ($000)]]/SUMIF($E:$E, E66, $AM:$AM) -> 0.026689301 | AO66: 79 | AP66: =AM66/AO66 -> 7715.1899
A67: Church's Texas Chicken | B67: 484 | C67: LSR | D67: QSR | E67: Chicken | F67: 66 | H67: =Table1[[#This Row],[2024 U.S. Sales ($000)]]/SUMIF($E:$E, E67, $G:$G) -> #DIV/0! | I67: =VLOOKUP(Table1[[#This Row],[Chain Name]],[1]Sheet1!A$3:G$26,7,0) -> #N/A | J67: =Table1[[#This Row],[2024 U.S. Sales ($000)]]/Table1[[#This Row],[2024 U.S. Units]] -> #N/A | K67: =Table1[[#This Row],[2024 U.S. Units]]/Table1[[#This Row],[2023 U.S. Units]]-1 -> #N/A | L67: =_xlfn.RRI(5,Table1[[#This Row],[2019 U.S. Sales ($000)]],Table1[[#This Row],[2024 U.S. Sales ($000)]]) -> -1 | M67: =(Table1[[#This Row],[2024 Market share (%)]]-Table1[[#This Row],[2019 Market share (%)]])*10000 -> #DIV/0! | P67: 803001 | Q67: =Table1[[#This Row],[2023 U.S. Sales ($000)]]/SUMIF($E:$E, E67, $P:$P) -> 0.016393558 | R67: =(Table1[[#This Row],[2023 Market share (%)]]-Table1[[#This Row],[2022 Market share (%)]])*10000 -> -11.447101 | S67: 0.049364501 | T67: 789 | U67: =P67/T67 -> 1017.7452 | V67: -0.14702703 | W67: =_xlfn.RRI(4,AM67,P67) -> -0.022825731 | X67: =(Table1[[#This Row],[2023 Market share (%)]]-Table1[[#This Row],[2019 Market share (%)]])*10000 -> -122.94066 | Z67: =_xlfn.RRI(4,AO67,T67) -> -0.068952312 | AA67: 765226 | AB67: =Table1[[#This Row],[2022 U.S. Sales ($000)]]/SUMIF($E:$E, E67, $AA:$AA) -> 0.017538268 | AC67: 925 | AD67: =AA67/AC67 -> 827.27135 | AE67: 755000 | AF67: =Table1[[#This Row],[2021 U.S. Sales ($000)]]/SUMIF($E:$E, E67, $AE:$AE) -> 0.019203931 | AG67: 998 | AH67: =AE67/AG67 -> 756.51303 | AI67: 769200 | AJ67: =Table1[[#This Row],[2020 U.S. Sales ($000)]]/SUMIF($E:$E, E67, $AI:$AI) -> 0.022744395 | AK67: 1015 | AL67: =AI67/AK67 -> 757.83251 | AM67: 880700 | AN67: =Table1[[#This Row],[2019 U.S. Sales ($000)]]/SUMIF($E:$E, E67, $AM:$AM) -> 0.028687624 | AO67: 1050 | AP67: =AM67/AO67 -> 838.7619
A68: Hooters | B68: 816 | C68: FSR | D68: CDR | E68: Sports Bar | F68: 67 | H68: =Table1[[#This Row],[2024 U.S. Sales ($000)]]/SUMIF($E:$E, E68, $G:$G) -> #DIV/0! | I68: =VLOOKUP(Table1[[#This Row],[Chain Name]],[1]Sheet1!A$3:G$26,7,0) -> #N/A | J68: =Table1[[#This Row],[2024 U.S. Sales ($000)]]/Table1[[#This Row],[2024 U.S. Units]] -> #N/A | K68: =Table1[[#This Row],[2024 U.S. Units]]/Table1[[#This Row],[2023 U.S. Units]]-1 -> #N/A | L68: =_xlfn.RRI(5,Table1[[#This Row],[2019 U.S. Sales ($000)]],Table1[[#This Row],[2024 U.S. Sales ($000)]]) -> -1 | M68: =(Table1[[#This Row],[2024 Market share (%)]]-Table1[[#This Row],[2019 Market share (%)]])*10000 -> #DIV/0! | P68: 802500 | Q68: =Table1[[#This Row],[2023 U.S. Sales ($000)]]/SUMIF($E:$E, E68, $P:$P) -> 0.082300053 | R68: =(Table1[[#This Row],[2023 Market share (%)]]-Table1[[#This Row],[2022 Market share (%)]])*10000 -> -66.241329 | S68: -0.036151814 | T68: 292 | U68: =P68/T68 -> 2748.2877 | V68: -0.016835017 | W68: =_xlfn.RRI(4,AM68,P68) -> -0.050346926 | X68: =(Table1[[#This Row],[2023 Market share (%)]]-Table1[[#This Row],[2019 Market share (%)]])*10000 -> -329.84099 | Z68: =_xlfn.RRI(4,AO68,T68) -> -0.027904854 | AA68: 832600 | AB68: =Table1[[#This Row],[2022 U.S. Sales ($000)]]/SUMIF($E:$E, E68, $AA:$AA) -> 0.088924186 | AC68: 297 | AD68: =AA68/AC68 -> 2803.367 | AE68: 834400 | AF68: =Table1[[#This Row],[2021 U.S. Sales ($000)]]/SUMIF($E:$E, E68, $AE:$AE) -> 0.097836 | AG68: 302 | AH68: =AE68/AG68 -> 2762.9139 | AI68: 713300 | AJ68: =Table1[[#This Row],[2020 U.S. Sales ($000)]]/SUMIF($E:$E, E68, $AI:$AI) -> 0.10765894 | AK68: 307 | AL68: =AI68/AK68 -> 2323.4528 | AM68: 986700 | AN68: =Table1[[#This Row],[2019 U.S. Sales ($000)]]/SUMIF($E:$E, E68, $AM:$AM) -> 0.11528415 | AO68: 327 | AP68: =AM68/AO68 -> 3017.4312
A69: Bob Evans | B69: 785 | C69: FSR | D69: MSR | E69: Family Style | F69: 68 | H69: =Table1[[#This Row],[2024 U.S. Sales ($000)]]/SUMIF($E:$E, E69, $G:$G) -> #DIV/0! | I69: =VLOOKUP(Table1[[#This Row],[Chain Name]],[1]Sheet1!A$3:G$26,7,0) -> #N/A | J69: =Table1[[#This Row],[2024 U.S. Sales ($000)]]/Table1[[#This Row],[2024 U.S. Units]] -> #N/A | K69: =Table1[[#This Row],[2024 U.S. Units]]/Table1[[#This Row],[2023 U.S. Units]]-1 -> #N/A | L69: =_xlfn.RRI(5,Table1[[#This Row],[2019 U.S. Sales ($000)]],Table1[[#This Row],[2024 U.S. Sales ($000)]]) -> -1 | M69: =(Table1[[#This Row],[2024 Market share (%)]]-Table1[[#This Row],[2019 Market share (%)]])*10000 -> #DIV/0! | P69: 782453 | Q69: =Table1[[#This Row],[2023 U.S. Sales ($000)]]/SUMIF($E:$E, E69, $P:$P) -> 0.044710719 | R69: =(Table1[[#This Row],[2023 Market share (%)]]-Table1[[#This Row],[2022 Market share (%)]])*10000 -> -17.535314 | S69: 0.019589013 | T69: 435 | U69: =P69/T69 -> 1798.7425 | V69: -0.0068493151 | W69: =_xlfn.RRI(4,AM69,P69) -> -0.00018235591 | X69: =(Table1[[#This Row],[2023 Market share (%)]]-Table1[[#This Row],[2019 Market share (%)]])*10000 -> -15.006142 | Z69: =_xlfn.RRI(4,AO69,T69) -> -0.024817172 | AA69: 767420 | AB69: =Table1[[#This Row],[2022 U.S. Sales ($000)]]/SUMIF($E:$E, E69, $AA:$AA) -> 0.04646425 | AC69: 438 | AD69: =AA69/AC69 -> 1752.1005 | AE69: 749539 | AF69: =Table1[[#This Row],[2021 U.S. Sales ($000)]]/SUMIF($E:$E, E69, $AE:$AE) -> 0.049646291 | AG69: 440 | AH69: =AE69/AG69 -> 1703.4977 | AI69: 583777 | AJ69: =Table1[[#This Row],[2020 U.S. Sales ($000)]]/SUMIF($E:$E, E69, $AI:$AI) -> 0.054702199 | AK69: 440 | AL69: =AI69/AK69 -> 1326.7659 | AM69: 783024 | AN69: =Table1[[#This Row],[2019 U.S. Sales ($000)]]/SUMIF($E:$E, E69, $AM:$AM) -> 0.046211333 | AO69: 481 | AP69: =AM69/AO69 -> 1627.9085
A70: Carrabba's Italian Grill | B70: 795 | C70: FSR | D70: CDR | E70: Italian/Pizza | F70: 69 | H70: =Table1[[#This Row],[2024 U.S. Sales ($000)]]/SUMIF($E:$E, E70, $G:$G) -> #DIV/0! | I70: =VLOOKUP(Table1[[#This Row],[Chain Name]],[1]Sheet1!A$3:G$26,7,0) -> #N/A | J70: =Table1[[#This Row],[2024 U.S. Sales ($000)]]/Table1[[#This Row],[2024 U.S. Units]] -> #N/A | K70: =Table1[[#This Row],[2024 U.S. Units]]/Table1[[#This Row],[2023 U.S. Units]]-1 -> #N/A | L70: =_xlfn.RRI(5,Table1[[#This Row],[2019 U.S. Sales ($000)]],Table1[[#This Row],[2024 U.S. Sales ($000)]]) -> -1 | M70: =(Table1[[#This Row],[2024 Market share (%)]]-Table1[[#This Row],[2019 Market share (%)]])*10000 -> #DIV/0! | P70: 769946 | Q70: =Table1[[#This Row],[2023 U.S. Sales ($000)]]/SUMIF($E:$E, E70, $P:$P) -> 0.080119226 | R70: =(Table1[[#This Row],[2023 Market share (%)]]-Table1[[#This Row],[2022 Market share (%)]])*10000 -> 11.256035 | S70: 0.061310852 | T70: 217 | U70: =P70/T70 -> 3548.1382 | V70: -0.004587156 | W70: =_xlfn.RRI(4,AM70,P70) -> 0.042033347 | X70: =(Table1[[#This Row],[2023 Market share (%)]]-Table1[[#This Row],[2019 Market share (%)]])*10000 -> 85.250292 | Z70: =_xlfn.RRI(4,AO70,T70) -> -0.0090099273 | AA70: 725467 | AB70: =Table1[[#This Row],[2022 U.S. Sales ($000)]]/SUMIF($E:$E, E70, $AA:$AA) -> 0.078993622 | AC70: 218 | AD70: =AA70/AC70 -> 3327.8303 | AE70: 697231 | AF70: =Table1[[#This Row],[2021 U.S. Sales ($000)]]/SUMIF($E:$E, E70, $AE:$AE) -> 0.083266953 | AG70: 219 | AH70: =AE70/AG70 -> 3183.7032 | AI70: 529212 | AJ70: =Table1[[#This Row],[2020 U.S. Sales ($000)]]/SUMIF($E:$E, E70, $AI:$AI) -> 0.076709854 | AK70: 220 | AL70: =AI70/AK70 -> 2405.5091 | AM70: 653031 | AN70: =Table1[[#This Row],[2019 U.S. Sales ($000)]]/SUMIF($E:$E, E70, $AM:$AM) -> 0.071594197 | AO70: 225 | AP70: =AM70/AO70 -> 2902.36
... A73: Cheddar's Scratch Kitchen | B73: 2504 | C73: FSR | D73: CDR | E73: Varied Menu | F73: 72 | H73: =Table1[[#This Row],[2024 U.S. Sales ($000)]]/SUMIF($E:$E, E73, $G:$G) -> #DIV/0! | I73: =VLOOKUP(Table1[[#This Row],[Chain Name]],[1]Sheet1!A$3:G$26,7,0) -> #N/A | J73: =Table1[[#This Row],[2024 U.S. Sales ($000)]]/Table1[[#This Row],[2024 U.S. Units]] -> #N/A | K73: =Table1[[#This Row],[2024 U.S. Units]]/Table1[[#This Row],[2023 U.S. Units]]-1 -> #N/A | L73: =_xlfn.RRI(5,Table1[[#This Row],[2019 U.S. Sales ($000)]],Table1[[#This Row],[2024 U.S. Sales ($000)]]) -> -1 | M73: =(Table1[[#This Row],[2024 Market share (%)]]-Table1[[#This Row],[2019 Market share (%)]])*10000 -> #DIV/0! | P73: 756800 | Q73: =Table1[[#This Row],[2023 U.S. Sales ($000)]]/SUMIF($E:$E, E73, $P:$P) -> 0.031372957 | R73: =(Table1[[#This Row],[2023 Market share (%)]]-Table1[[#This Row],[2022 Market share (%)]])*10000 -> 18.706554 | S73: 0.090804266 | T73: 184 | U73: =P73/T73 -> 4113.0435 | V73: 0.045454545 | W73: =_xlfn.RRI(4,AM73,P73) -> 0.0045437492 | X73: =(Table1[[#This Row],[2023 Market share (%)]]-Table1[[#This Row],[2019 Market share (%)]])*10000 -> -11.709127 | Z73: =_xlfn.RRI(4,AO73,T73) -> 0.012616369 | AA73: 693800 | AB73: =Table1[[#This Row],[2022 U.S. Sales ($000)]]/SUMIF($E:$E, E73, $AA:$AA) -> 0.029502302 | AC73: 176 | AD73: =AA73/AC73 -> 3942.0455 | AE73: 647100 | AF73: =Table1[[#This Row],[2021 U.S. Sales ($000)]]/SUMIF($E:$E, E73, $AE:$AE) -> 0.029792674 | AG73: 175 | AH73: =AE73/AG73 -> 3697.7143 | AI73: 495300 | AJ73: =Table1[[#This Row],[2020 U.S. Sales ($000)]]/SUMIF($E:$E, E73, $AI:$AI) -> 0.030374769 | AK73: 171 | AL73: =AI73/AK73 -> 2896.4912 | AM73: 743200 | AN73: =Table1[[#This Row],[2019 U.S. Sales ($000)]]/SUMIF($E:$E, E73, $AM:$AM) -> 0.03254387 | AO73: 175 | AP73: =AM73/AO73 -> 4246.8571
A74: Paris Baguette | B74: 12040 | C74: LSR | D74: FC | E74: Coffee Cafe | F74: 133 | G74: 462000 | H74: =Table1[[#This Row],[2024 U.S. Sales ($000)]]/SUMIF($E:$E, E74, $G:$G) -> 0.0091428995 | I74: 197 | J74: =Table1[[#This Row],[2024 U.S. Sales ($000)]]/Table1[[#This Row],[2024 U.S. Units]] -> 2345.1777 | K74: =Table1[[#This Row],[2024 U.S. Units]]/Table1[[#This Row],[2023 U.S. Units]]-1 -> 0.27096774 | L74: =_xlfn.RRI(5,Table1[[#This Row],[2019 U.S. Sales ($000)]],Table1[[#This Row],[2024 U.S. Sales ($000)]]) -> 0.24524616 | M74: =(Table1[[#This Row],[2024 Market share (%)]]-Table1[[#This Row],[2019 Market share (%)]])*10000 -> 47.325188 | P74: 353500 | Q74: =Table1[[#This Row],[2023 U.S. Sales ($000)]]/SUMIF($E:$E, E74, $P:$P) -> 0.007210813 | R74: =(Table1[[#This Row],[2023 Market share (%)]]-Table1[[#This Row],[2022 Market share (%)]])*10000 -> 14.121905 | S74: 0.38547582 | T74: 155 | U74: =P74/T74 -> 2280.6452 | V74: 0.31355932 | W74: =_xlfn.RRI(4,AM74,P74) -> 0.23028541 | X74: =(Table1[[#This Row],[2023 Market share (%)]]-Table1[[#This Row],[2019 Market share (%)]])*10000 -> 28.004324 | Z74: =_xlfn.RRI(4,AO74,T74) -> 0.17254484 | AA74: 255147 | AB74: =Table1[[#This Row],[2022 U.S. Sales ($000)]]/SUMIF($E:$E, E74, $AA:$AA) -> 0.0057986226 | AC74: 118 | AD74: =AA74/AC74 -> 2162.2627 | AE74: 187286 | AF74: =Table1[[#This Row],[2021 U.S. Sales ($000)]]/SUMIF($E:$E, E74, $AE:$AE) -> 0.004825704 | AG74: 94 | AH74: =AE74/AG74 -> 1992.4043 | AI74: 128100 | AJ74: =Table1[[#This Row],[2020 U.S. Sales ($000)]]/SUMIF($E:$E, E74, $AI:$AI) -> 0.0041311193 | AK74: 86 | AL74: =AI74/AK74 -> 1489.5349 | AM74: 154300 | AN74: =Table1[[#This Row],[2019 U.S. Sales ($000)]]/SUMIF($E:$E, E74, $AM:$AM) -> 0.0044103807 | AO74: 82 | AP74: =AM74/AO74 -> 1881.7073
A75: Steak 'n Shake | B75: 541 | C75: LSR | D75: QSR | E75: Burger | F75: 74 | H75: =Table1[[#This Row],[2024 U.S. Sales ($000)]]/SUMIF($E:$E, E75, $G:$G) -> #DIV/0! | I75: =VLOOKUP(Table1[[#This Row],[Chain Name]],[1]Sheet1!A$3:G$26,7,0) -> #N/A | J75: =Table1[[#This Row],[2024 U.S. Sales ($000)]]/Table1[[#This Row],[2024 U.S. Units]] -> #N/A | K75: =Table1[[#This Row],[2024 U.S. Units]]/Table1[[#This Row],[2023 U.S. Units]]-1 -> #N/A | L75: =_xlfn.RRI(5,Table1[[#This Row],[2019 U.S. Sales ($000)]],Table1[[#This Row],[2024 U.S. Sales ($000)]]) -> -1 | M75: =(Table1[[#This Row],[2024 Market share (%)]]-Table1[[#This Row],[2019 Market share (%)]])*10000 -> #DIV/0! | P75: 741200 | Q75: =Table1[[#This Row],[2023 U.S. Sales ($000)]]/SUMIF($E:$E, E75, $P:$P) -> 0.0067699972 | R75: =(Table1[[#This Row],[2023 Market share (%)]]-Table1[[#This Row],[2022 Market share (%)]])*10000 -> -13.017949 | S75: -0.10124894 | T75: 436 | U75: =P75/T75 -> 1700 | V75: -0.089770355 | W75: =_xlfn.RRI(4,AM75,P75) -> -0.063106805 | X75: =(Table1[[#This Row],[2023 Market share (%)]]-Table1[[#This Row],[2019 Market share (%)]])*10000 -> -43.503089 | Z75: =_xlfn.RRI(4,AO75,T75) -> -0.067652804 | AA75: 824700 | AB75: =Table1[[#This Row],[2022 U.S. Sales ($000)]]/SUMIF($E:$E, E75, $AA:$AA) -> 0.0080717921 | AC75: 479 | AD75: =AA75/AC75 -> 1721.7119 | AE75: 829800 | AF75: =Table1[[#This Row],[2021 U.S. Sales ($000)]]/SUMIF($E:$E, E75, $AE:$AE) -> 0.008528863 | AG75: 497 | AH75: =AE75/AG75 -> 1669.6177 | AI75: 765000 | AJ75: =Table1[[#This Row],[2020 U.S. Sales ($000)]]/SUMIF($E:$E, E75, $AI:$AI) -> 0.0087545277 | AK75: 518 | AL75: =AI75/AK75 -> 1476.834 | AM75: 962000 | AN75: =Table1[[#This Row],[2019 U.S. Sales ($000)]]/SUMIF($E:$E, E75, $AM:$AM) -> 0.011120306 | AO75: 577 | AP75: =AM75/AO75 -> 1667.2444
A76: Del Taco | B76: 807 | C76: LSR | D76: QSR | E76: Mexican | F76: 60 | H76: =Table1[[#This Row],[2024 U.S. Sales ($000)]]/SUMIF($E:$E, E76, $G:$G) -> #DIV/0! | I76: =VLOOKUP(Table1[[#This Row],[Chain Name]],[1]Sheet1!A$3:G$26,7,0) -> #N/A | J76: =Table1[[#This Row],[2024 U.S. Sales ($000)]]/Table1[[#This Row],[2024 U.S. Units]] -> #N/A | K76: =Table1[[#This Row],[2024 U.S. Units]]/Table1[[#This Row],[2023 U.S. Units]]-1 -> #N/A | L76: =_xlfn.RRI(5,Table1[[#This Row],[2019 U.S. Sales ($000)]],Table1[[#This Row],[2024 U.S. Sales ($000)]]) -> -1 | M76: =(Table1[[#This Row],[2024 Market share (%)]]-Table1[[#This Row],[2019 Market share (%)]])*10000 -> #DIV/0! | P76: 974443 | Q76: =Table1[[#This Row],[2023 U.S. Sales ($000)]]/SUMIF($E:$E, E76, $P:$P) -> 0.029449291 | R76: =(Table1[[#This Row],[2023 Market share (%)]]-Table1[[#This Row],[2022 Market share (%)]])*10000 -> -21.478407 | S76: 0.018195896 | T76: 592 | U76: =P76/T76 -> 1646.0186 | V76: 0.0016920474 | W76: =_xlfn.RRI(4,AM76,P76) -> 0.0345604 | X76: =(Table1[[#This Row],[2023 Market share (%)]]-Table1[[#This Row],[2019 Market share (%)]])*10000 -> -56.380338 | Z76: =_xlfn.RRI(4,AO76,T76) -> -0.0016820917 | AA76: 957029 | AB76: =Table1[[#This Row],[2022 U.S. Sales ($000)]]/SUMIF($E:$E, E76, $AA:$AA) -> 0.031597132 | AC76: 591 | AD76: =AA76/AC76 -> 1619.3384 | AE76: 920775 | AF76: =Table1[[#This Row],[2021 U.S. Sales ($000)]]/SUMIF($E:$E, E76, $AE:$AE) -> 0.033593579 | AG76: 603 | AH76: =AE76/AG76 -> 1526.99 | AI76: 857005 | AJ76: =Table1[[#This Row],[2020 U.S. Sales ($000)]]/SUMIF($E:$E, E76, $AI:$AI) -> 0.036357466 | AK76: 596 | AL76: =AI76/AK76 -> 1437.9279 | AM76: 850615 | AN76: =Table1[[#This Row],[2019 U.S. Sales ($000)]]/SUMIF($E:$E, E76, $AM:$AM) -> 0.035087325 | AO76: 596 | AP76: =AM76/AO76 -> 1427.2064
A77: TGI Fridays | B77: 2547 | C77: FSR | D77: CDR | E77: Varied Menu | F77: 76 | H77: =Table1[[#This Row],[2024 U.S. Sales ($000)]]/SUMIF($E:$E, E77, $G:$G) -> #DIV/0! | I77: =VLOOKUP(Table1[[#This Row],[Chain Name]],[1]Sheet1!A$3:G$26,7,0) -> #N/A | J77: =Table1[[#This Row],[2024 U.S. Sales ($000)]]/Table1[[#This Row],[2024 U.S. Units]] -> #N/A | K77: =Table1[[#This Row],[2024 U.S. Units]]/Table1[[#This Row],[2023 U.S. Units]]-1 -> #N/A | L77: =_xlfn.RRI(5,Table1[[#This Row],[2019 U.S. Sales ($000)]],Table1[[#This Row],[2024 U.S. Sales ($000)]]) -> -1 | M77: =(Table1[[#This Row],[2024 Market share (%)]]-Table1[[#This Row],[2019 Market share (%)]])*10000 -> #DIV/0! | P77: 727800 | Q77: =Table1[[#This Row],[2023 U.S. Sales ($000)]]/SUMIF($E:$E, E77, $P:$P) -> 0.03017077 | R77: =(Table1[[#This Row],[2023 Market share (%)]]-Table1[[#This Row],[2022 Market share (%)]])*10000 -> -62.584926 | S77: -0.15046107 | T77: 269 | U77: =P77/T77 -> 2705.5762 | V77: -0.078767123 | W77: =_xlfn.RRI(4,AM77,P77) -> -0.096604803 | X77: =(Table1[[#This Row],[2023 Market share (%)]]-Table1[[#This Row],[2019 Market share (%)]])*10000 -> -176.77302 | Z77: =_xlfn.RRI(4,AO77,T77) -> -0.085138685 | AA77: 856700 | AB77: =Table1[[#This Row],[2022 U.S. Sales ($000)]]/SUMIF($E:$E, E77, $AA:$AA) -> 0.036429262 | AC77: 292 | AD77: =AA77/AC77 -> 2933.9041 | AE77: 874500 | AF77: =Table1[[#This Row],[2021 U.S. Sales ($000)]]/SUMIF($E:$E, E77, $AE:$AE) -> 0.040262236 | AG77: 309 | AH77: =AE77/AG77 -> 2830.0971 | AI77: 661000 | AJ77: =Table1[[#This Row],[2020 U.S. Sales ($000)]]/SUMIF($E:$E, E77, $AI:$AI) -> 0.040536487 | AK77: 328 | AL77: =AI77/AK77 -> 2015.2439 | AM77: 1092700 | AN77: =Table1[[#This Row],[2019 U.S. Sales ($000)]]/SUMIF($E:$E, E77, $AM:$AM) -> 0.047848072 | AO77: 384 | AP77: =AM77/AO77 -> 2845.5729
A78: Nothing Bundt Cakes | B78: 9040 | C78: LSR | D78: QSR | E78: Other Beverage/Snack | F78: 77 | H78: =Table1[[#This Row],[2024 U.S. Sales ($000)]]/SUMIF($E:$E, E78, $G:$G) -> #DIV/0! | I78: =VLOOKUP(Table1[[#This Row],[Chain Name]],[1]Sheet1!A$3:G$26,7,0) -> #N/A | J78: =Table1[[#This Row],[2024 U.S. Sales ($000)]]/Table1[[#This Row],[2024 U.S. Units]] -> #N/A | K78: =Table1[[#This Row],[2024 U.S. Units]]/Table1[[#This Row],[2023 U.S. Units]]-1 -> #N/A | L78: =_xlfn.RRI(5,Table1[[#This Row],[2019 U.S. Sales ($000)]],Table1[[#This Row],[2024 U.S. Sales ($000)]]) -> -1 | M78: =(Table1[[#This Row],[2024 Market share (%)]]-Table1[[#This Row],[2019 Market share (%)]])*10000 -> #DIV/0! | P78: 726400 | Q78: =Table1[[#This Row],[2023 U.S. Sales ($000)]]/SUMIF($E:$E, E78, $P:$P) -> 0.087778966 | R78: =(Table1[[#This Row],[2023 Market share (%)]]-Table1[[#This Row],[2022 Market share (%)]])*10000 -> 52.498212 | S78: 0.19257922 | T78: 559 | U78: =P78/T78 -> 1299.4633 | V78: 0.17684211 | W78: =_xlfn.RRI(4,AM78,P78) -> 0.16643813 | X78: =(Table1[[#This Row],[2023 Market share (%)]]-Table1[[#This Row],[2019 Market share (%)]])*10000 -> 69.841461 | Z78: =_xlfn.RRI(4,AO78,T78) -> 0.13997664 | AA78: 609100 | AB78: =Table1[[#This Row],[2022 U.S. Sales ($000)]]/SUMIF($E:$E, E78, $AA:$AA) -> 0.082529145 | AC78: 475 | AD78: =AA78/AC78 -> 1282.3158 | AE78: 544000 | AF78: =Table1[[#This Row],[2021 U.S. Sales ($000)]]/SUMIF($E:$E, E78, $AE:$AE) -> 0.08695819 | AG78: 424 | AH78: =AE78/AG78 -> 1283.0189 | AI78: 427700 | AJ78: =Table1[[#This Row],[2020 U.S. Sales ($000)]]/SUMIF($E:$E, E78, $AI:$AI) -> 0.092669189 | AK78: 376 | AL78: =AI78/AK78 -> 1137.5 | AM78: 392400 | AN78: =Table1[[#This Row],[2019 U.S. Sales ($000)]]/SUMIF($E:$E, E78, $AM:$AM) -> 0.08079482 | AO78: 331 | AP78: =AM78/AO78 -> 1185.4985
A79: Smoothie King | B79: 1315 | C79: LSR | D79: QSR | E79: Other Beverage/Snack | F79: 78 | H79: =Table1[[#This Row],[2024 U.S. Sales ($000)]]/SUMIF($E:$E, E79, $G:$G) -> #DIV/0! | I79: =VLOOKUP(Table1[[#This Row],[Chain Name]],[1]Sheet1!A$3:G$26,7,0) -> #N/A | J79: =Table1[[#This Row],[2024 U.S. Sales ($000)]]/Table1[[#This Row],[2024 U.S. Units]] -> #N/A | K79: =Table1[[#This Row],[2024 U.S. Units]]/Table1[[#This Row],[2023 U.S. Units]]-1 -> #N/A | L79: =_xlfn.RRI(5,Table1[[#This Row],[2019 U.S. Sales ($000)]],Table1[[#This Row],[2024 U.S. Sales ($000)]]) -> -1 | M79: =(Table1[[#This Row],[2024 Market share (%)]]-Table1[[#This Row],[2019 Market share (%)]])*10000 -> #DIV/0! | P79: 721600 | Q79: =Table1[[#This Row],[2023 U.S. Sales ($000)]]/SUMIF($E:$E, E79, $P:$P) -> 0.087198929 | R79: =(Table1[[#This Row],[2023 Market share (%)]]-Table1[[#This Row],[2022 Market share (%)]])*10000 -> 32.742 | S79: 0.16499839 | T79: 1152 | U79: =P79/T79 -> 626.38889 | V79: 0.044424297 | W79: =_xlfn.RRI(4,AM79,P79) -> 0.11819201 | X79: =(Table1[[#This Row],[2023 Market share (%)]]-Table1[[#This Row],[2019 Market share (%)]])*10000 -> -78.364929 | Z79: =_xlfn.RRI(4,AO79,T79) -> 0.04338972 | AA79: 619400 | AB79: =Table1[[#This Row],[2022 U.S. Sales ($000)]]/SUMIF($E:$E, E79, $AA:$AA) -> 0.083924729 | AC79: 1103 | AD79: =AA79/AC79 -> 561.55938 | AE79: 600100 | AF79: =Table1[[#This Row],[2021 U.S. Sales ($000)]]/SUMIF($E:$E, E79, $AE:$AE) -> 0.095925753 | AG79: 1053 | AH79: =AE79/AG79 -> 569.89554 | AI79: 483200 | AJ79: =Table1[[#This Row],[2020 U.S. Sales ($000)]]/SUMIF($E:$E, E79, $AI:$AI) -> 0.1046943 | AK79: 1007 | AL79: =AI79/AK79 -> 479.84111 | AM79: 461563 | AN79: =Table1[[#This Row],[2019 U.S. Sales ($000)]]/SUMIF($E:$E, E79, $AM:$AM) -> 0.095035422 | AO79: 972 | AP79: =AM79/AO79 -> 474.85905
A80: Cava | B80: 31476 | C80: LSR | D80: FC | E80: All Other | F80: 79 | H80: =Table1[[#This Row],[2024 U.S. Sales ($000)]]/SUMIF($E:$E, E80, $G:$G) -> #DIV/0! | I80: =VLOOKUP(Table1[[#This Row],[Chain Name]],[1]Sheet1!A$3:G$26,7,0) -> #N/A | J80: =Table1[[#This Row],[2024 U.S. Sales ($000)]]/Table1[[#This Row],[2024 U.S. Units]] -> #N/A | K80: =Table1[[#This Row],[2024 U.S. Units]]/Table1[[#This Row],[2023 U.S. Units]]-1 -> #N/A | L80: =_xlfn.RRI(5,Table1[[#This Row],[2019 U.S. Sales ($000)]],Table1[[#This Row],[2024 U.S. Sales ($000)]]) -> -1 | M80: =(Table1[[#This Row],[2024 Market share (%)]]-Table1[[#This Row],[2019 Market share (%)]])*10000 -> #DIV/0! | P80: 717060 | Q80: =Table1[[#This Row],[2023 U.S. Sales ($000)]]/SUMIF($E:$E, E80, $P:$P) -> 0.13796747 | R80: =(Table1[[#This Row],[2023 Market share (%)]]-Table1[[#This Row],[2022 Market share (%)]])*10000 -> 367.06821 | S80: 0.59846097 | T80: 309 | U80: =P80/T80 -> 2320.5825 | V80: 0.30379747 | W80: =_xlfn.RRI(4,AM80,P80) -> 0.43734676 | X80: =(Table1[[#This Row],[2023 Market share (%)]]-Table1[[#This Row],[2019 Market share (%)]])*10000 -> 908.90306 | Z80: =_xlfn.RRI(4,AO80,T80) -> 0.36502975 | AA80: 448594 | AB80: =Table1[[#This Row],[2022 U.S. Sales ($000)]]/SUMIF($E:$E, E80, $AA:$AA) -> 0.10126065 | AC80: 237 | AD80: =AA80/AC80 -> 1892.8017 | AE80: 278219 | AF80: =Table1[[#This Row],[2021 U.S. Sales ($000)]]/SUMIF($E:$E, E80, $AE:$AE) -> 0.073742435 | AG80: 164 | AH80: =AE80/AG80 -> 1696.4573 | AI80: 163000 | AJ80: =Table1[[#This Row],[2020 U.S. Sales ($000)]]/SUMIF($E:$E, E80, $AI:$AI) -> 0.05319201 | AK80: 104 | AL80: =AI80/AK80 -> 1567.3077 | AM80: 168000 | AN80: =Table1[[#This Row],[2019 U.S. Sales ($000)]]/SUMIF($E:$E, E80, $AM:$AM) -> 0.047077166 | AO80: 89 | AP80: =AM80/AO80 -> 1887.6404
A81: Baskin-Robbins | B81: 467 | C81: LSR | D81: QSR | E81: Frozen Desserts | F81: 80 | H81: =Table1[[#This Row],[2024 U.S. Sales ($000)]]/SUMIF($E:$E, E81, $G:$G) -> #DIV/0! | I81: =VLOOKUP(Table1[[#This Row],[Chain Name]],[1]Sheet1!A$3:G$26,7,0) -> #N/A | J81: =Table1[[#This Row],[2024 U.S. Sales ($000)]]/Table1[[#This Row],[2024 U.S. Units]] -> #N/A | K81: =Table1[[#This Row],[2024 U.S. Units]]/Table1[[#This Row],[2023 U.S. Units]]-1 -> #N/A | L81: =_xlfn.RRI(5,Table1[[#This Row],[2019 U.S. Sales ($000)]],Table1[[#This Row],[2024 U.S. Sales ($000)]]) -> -1 | M81: =(Table1[[#This Row],[2024 Market share (%)]]-Table1[[#This Row],[2019 Market share (%)]])*10000 -> #DIV/0! | P81: 708478 | Q81: =Table1[[#This Row],[2023 U.S. Sales ($000)]]/SUMIF($E:$E, E81, $P:$P) -> 0.087318001 | R81: =(Table1[[#This Row],[2023 Market share (%)]]-Table1[[#This Row],[2022 Market share (%)]])*10000 -> -36.055782 | S81: 0.034834925 | T81: 2261 | U81: =P81/T81 -> 313.34719 | V81: 0.0035508211 | W81: =_xlfn.RRI(4,AM81,P81) -> 0.035880991 | X81: =(Table1[[#This Row],[2023 Market share (%)]]-Table1[[#This Row],[2019 Market share (%)]])*10000 -> -95.924873 | Z81: =_xlfn.RRI(4,AO81,T81) -> -0.027134499 | AA81: 684629 | AB81: =Table1[[#This Row],[2022 U.S. Sales ($000)]]/SUMIF($E:$E, E81, $AA:$AA) -> 0.090923579 | AC81: 2253 | AD81: =AA81/AC81 -> 303.87439 | AE81: 686264 | AF81: =Table1[[#This Row],[2021 U.S. Sales ($000)]]/SUMIF($E:$E, E81, $AE:$AE) -> 0.093995222 | AG81: 2317 | AH81: =AE81/AG81 -> 296.18645 | AI81: 620000 | AJ81: =Table1[[#This Row],[2020 U.S. Sales ($000)]]/SUMIF($E:$E, E81, $AI:$AI) -> 0.097023355 | AK81: 2419 | AL81: =AI81/AK81 -> 256.30426 | AM81: 615300 | AN81: =Table1[[#This Row],[2019 U.S. Sales ($000)]]/SUMIF($E:$E, E81, $AM:$AM) -> 0.096910488 | AO81: 2524 | AP81: =AM81/AO81 -> 243.77971
A82: Habit Burger & Grill | B82: 6308 | C82: LSR | D82: FC | E82: Burger | F82: 81 | H82: =Table1[[#This Row],[2024 U.S. Sales ($000)]]/SUMIF($E:$E, E82, $G:$G) -> #DIV/0! | I82: =VLOOKUP(Table1[[#This Row],[Chain Name]],[1]Sheet1!A$3:G$26,7,0) -> #N/A | J82: =Table1[[#This Row],[2024 U.S. Sales ($000)]]/Table1[[#This Row],[2024 U.S. Units]] -> #N/A | K82: =Table1[[#This Row],[2024 U.S. Units]]/Table1[[#This Row],[2023 U.S. Units]]-1 -> #N/A | L82: =_xlfn.RRI(5,Table1[[#This Row],[2019 U.S. Sales ($000)]],Table1[[#This Row],[2024 U.S. Sales ($000)]]) -> -1 | M82: =(Table1[[#This Row],[2024 Market share (%)]]-Table1[[#This Row],[2019 Market share (%)]])*10000 -> #DIV/0! | P82: 696000 | Q82: =Table1[[#This Row],[2023 U.S. Sales ($000)]]/SUMIF($E:$E, E82, $P:$P) -> 0.0063571479 | R82: =(Table1[[#This Row],[2023 Market share (%)]]-Table1[[#This Row],[2022 Market share (%)]])*10000 -> -1.124223 | S82: 0.052950076 | T82: 366 | U82: =P82/T82 -> 1901.6393 | V82: 0.082840237 | W82: =_xlfn.RRI(4,AM82,P82) -> 0.081578937 | X82: =(Table1[[#This Row],[2023 Market share (%)]]-Table1[[#This Row],[2019 Market share (%)]])*10000 -> 4.7795073 | Z82: =_xlfn.RRI(4,AO82,T82) -> 0.085098816 | AA82: 661000 | AB82: =Table1[[#This Row],[2022 U.S. Sales ($000)]]/SUMIF($E:$E, E82, $AA:$AA) -> 0.0064695702 | AC82: 338 | AD82: =AA82/AC82 -> 1955.6213 | AE82: 588000 | AF82: =Table1[[#This Row],[2021 U.S. Sales ($000)]]/SUMIF($E:$E, E82, $AE:$AE) -> 0.0060435906 | AG82: 307 | AH82: =AE82/AG82 -> 1915.3094 | AI82: 482600 | AJ82: =Table1[[#This Row],[2020 U.S. Sales ($000)]]/SUMIF($E:$E, E82, $AI:$AI) -> 0.0055227909 | AK82: 278 | AL82: =AI82/AK82 -> 1735.9712 | AM82: 508600 | AN82: =Table1[[#This Row],[2019 U.S. Sales ($000)]]/SUMIF($E:$E, E82, $AM:$AM) -> 0.0058791972 | AO82: 264 | AP82: =AM82/AO82 -> 1926.5152
A83: White Castle | B83: 854 | C83: LSR | D83: QSR | E83: Burger | F83: 82 | H83: =Table1[[#This Row],[2024 U.S. Sales ($000)]]/SUMIF($E:$E, E83, $G:$G) -> #DIV/0! | I83: =VLOOKUP(Table1[[#This Row],[Chain Name]],[1]Sheet1!A$3:G$26,7,0) -> #N/A | J83: =Table1[[#This Row],[2024 U.S. Sales ($000)]]/Table1[[#This Row],[2024 U.S. Units]] -> #N/A | K83: =Table1[[#This Row],[2024 U.S. Units]]/Table1[[#This Row],[2023 U.S. Units]]-1 -> #N/A | L83: =_xlfn.RRI(5,Table1[[#This Row],[2019 U.S. Sales ($000)]],Table1[[#This Row],[2024 U.S. Sales ($000)]]) -> -1 | M83: =(Table1[[#This Row],[2024 Market share (%)]]-Table1[[#This Row],[2019 Market share (%)]])*10000 -> #DIV/0! | P83: 683971 | Q83: =Table1[[#This Row],[2023 U.S. Sales ($000)]]/SUMIF($E:$E, E83, $P:$P) -> 0.006247277 | R83: =(Table1[[#This Row],[2023 Market share (%)]]-Table1[[#This Row],[2022 Market share (%)]])*10000 -> -2.2128506 | S83: 0.034913156 | T83: 342 | U83: =P83/T83 -> 1999.9152 | V83: -0.0029154519 | W83: =_xlfn.RRI(4,AM83,P83) -> 0.042160542 | X83: =(Table1[[#This Row],[2023 Market share (%)]]-Table1[[#This Row],[2019 Market share (%)]])*10000 -> -4.5528518 | Z83: =_xlfn.RRI(4,AO83,T83) -> -0.020142211 | AA83: 660897 | AB83: =Table1[[#This Row],[2022 U.S. Sales ($000)]]/SUMIF($E:$E, E83, $AA:$AA) -> 0.0064685621 | AC83: 343 | AD83: =AA83/AC83 -> 1926.8134 | AE83: 626075 | AF83: =Table1[[#This Row],[2021 U.S. Sales ($000)]]/SUMIF($E:$E, E83, $AE:$AE) -> 0.0064349336 | AG83: 353 | AH83: =AE83/AG83 -> 1773.5836 | AI83: 582502 | AJ83: =Table1[[#This Row],[2020 U.S. Sales ($000)]]/SUMIF($E:$E, E83, $AI:$AI) -> 0.0066660521 | AK83: 361 | AL83: =AI83/AK83 -> 1613.5789 | AM83: 579828 | AN83: =Table1[[#This Row],[2019 U.S. Sales ($000)]]/SUMIF($E:$E, E83, $AM:$AM) -> 0.0067025622 | AO83: 371 | AP83: =AM83/AO83 -> 1562.8787
A84: Portillo's | B84: 958 | C84: LSR | D84: FC | E84: Sandwich | F84: 83 | H84: =Table1[[#This Row],[2024 U.S. Sales ($000)]]/SUMIF($E:$E, E84, $G:$G) -> #DIV/0! | I84: =VLOOKUP(Table1[[#This Row],[Chain Name]],[1]Sheet1!A$3:G$26,7,0) -> #N/A | J84: =Table1[[#This Row],[2024 U.S. Sales ($000)]]/Table1[[#This Row],[2024 U.S. Units]] -> #N/A | K84: =Table1[[#This Row],[2024 U.S. Units]]/Table1[[#This Row],[2023 U.S. Units]]-1 -> #N/A | L84: =_xlfn.RRI(5,Table1[[#This Row],[2019 U.S. Sales ($000)]],Table1[[#This Row],[2024 U.S. Sales ($000)]]) -> -1 | M84: =(Table1[[#This Row],[2024 Market share (%)]]-Table1[[#This Row],[2019 Market share (%)]])*10000 -> #DIV/0! | P84: 679905 | Q84: =Table1[[#This Row],[2023 U.S. Sales ($000)]]/SUMIF($E:$E, E84, $P:$P) -> 0.018000747 | R84: =(Table1[[#This Row],[2023 Market share (%)]]-Table1[[#This Row],[2022 Market share (%)]])*10000 -> 15.925441 | S84: 0.15806569 | T84: 84 | U84: =P84/T84 -> 8094.1071 | V84: 0.16666667 | W84: =_xlfn.RRI(4,AM84,P84) -> 0.091273732 | X84: =(Table1[[#This Row],[2023 Market share (%)]]-Table1[[#This Row],[2019 Market share (%)]])*10000 -> 33.239283 | Z84: =_xlfn.RRI(4,AO84,T84) -> 0.078876912 | AA84: 587104 | AB84: =Table1[[#This Row],[2022 U.S. Sales ($000)]]/SUMIF($E:$E, E84, $AA:$AA) -> 0.016408203 | AC84: 72 | AD84: =AA84/AC84 -> 8154.2222 | AE84: 534952 | AF84: =Table1[[#This Row],[2021 U.S. Sales ($000)]]/SUMIF($E:$E, E84, $AE:$AE) -> 0.016123622 | AG84: 69 | AH84: =AE84/AG84 -> 7752.9275 | AI84: 455471 | AJ84: =Table1[[#This Row],[2020 U.S. Sales ($000)]]/SUMIF($E:$E, E84, $AI:$AI) -> 0.015992967 | AK84: 64 | AL84: =AI84/AK84 -> 7116.7344 | AM84: 479417 | AN84: =Table1[[#This Row],[2019 U.S. Sales ($000)]]/SUMIF($E:$E, E84, $AM:$AM) -> 0.014676819 | AO84: 62 | AP84: =AM84/AO84 -> 7732.5323
A85: MOD Pizza | B85: 9251 | C85: LSR | D85: FC | E85: Pizza | F85: 84 | H85: =Table1[[#This Row],[2024 U.S. Sales ($000)]]/SUMIF($E:$E, E85, $G:$G) -> #DIV/0! | I85: =VLOOKUP(Table1[[#This Row],[Chain Name]],[1]Sheet1!A$3:G$26,7,0) -> #N/A | J85: =Table1[[#This Row],[2024 U.S. Sales ($000)]]/Table1[[#This Row],[2024 U.S. Units]] -> #N/A | K85: =Table1[[#This Row],[2024 U.S. Units]]/Table1[[#This Row],[2023 U.S. Units]]-1 -> #N/A | L85: =_xlfn.RRI(5,Table1[[#This Row],[2019 U.S. Sales ($000)]],Table1[[#This Row],[2024 U.S. Sales ($000)]]) -> -1 | M85: =(Table1[[#This Row],[2024 Market share (%)]]-Table1[[#This Row],[2019 Market share (%)]])*10000 -> #DIV/0! | P85: 671500 | Q85: =Table1[[#This Row],[2023 U.S. Sales ($000)]]/SUMIF($E:$E, E85, $P:$P) -> 0.021982679 | R85: =(Table1[[#This Row],[2023 Market share (%)]]-Table1[[#This Row],[2022 Market share (%)]])*10000 -> -3.1235804 | S85: 0.014656996 | T85: 552 | U85: =P85/T85 -> 1216.4855 | V85: 0.039548023 | W85: =_xlfn.RRI(4,AM85,P85) -> 0.085581377 | X85: =(Table1[[#This Row],[2023 Market share (%)]]-Table1[[#This Row],[2019 Market share (%)]])*10000 -> 32.486552 | Z85: =_xlfn.RRI(4,AO85,T85) -> 0.042690818 | AA85: 661800 | AB85: =Table1[[#This Row],[2022 U.S. Sales ($000)]]/SUMIF($E:$E, E85, $AA:$AA) -> 0.022295037 | AC85: 531 | AD85: =AA85/AC85 -> 1246.3277 | AE85: 590000 | AF85: =Table1[[#This Row],[2021 U.S. Sales ($000)]]/SUMIF($E:$E, E85, $AE:$AE) -> 0.020296843 | AG85: 506 | AH85: =AE85/AG85 -> 1166.0079 | AI85: 461000 | AJ85: =Table1[[#This Row],[2020 U.S. Sales ($000)]]/SUMIF($E:$E, E85, $AI:$AI) -> 0.017031861 | AK85: 489 | AL85: =AI85/AK85 -> 942.74029 | AM85: 483500 | AN85: =Table1[[#This Row],[2019 U.S. Sales ($000)]]/SUMIF($E:$E, E85, $AM:$AM) -> 0.018734024 | AO85: 467 | AP85: =AM85/AO85 -> 1035.3319
A86: Jason's Deli | B86: 1589 | C86: LSR | D86: FC | E86: Sandwich | F86: 85 | H86: =Table1[[#This Row],[2024 U.S. Sales ($000)]]/SUMIF($E:$E, E86, $G:$G) -> #DIV/0! | I86: =VLOOKUP(Table1[[#This Row],[Chain Name]],[1]Sheet1!A$3:G$26,7,0) -> #N/A | J86: =Table1[[#This Row],[2024 U.S. Sales ($000)]]/Table1[[#This Row],[2024 U.S. Units]] -> #N/A | K86: =Table1[[#This Row],[2024 U.S. Units]]/Table1[[#This Row],[2023 U.S. Units]]-1 -> #N/A | L86: =_xlfn.RRI(5,Table1[[#This Row],[2019 U.S. Sales ($000)]],Table1[[#This Row],[2024 U.S. Sales ($000)]]) -> -1 | M86: =(Table1[[#This Row],[2024 Market share (%)]]-Table1[[#This Row],[2019 Market share (%)]])*10000 -> #DIV/0! | P86: 665200 | Q86: =Table1[[#This Row],[2023 U.S. Sales ($000)]]/SUMIF($E:$E, E86, $P:$P) -> 0.017611427 | R86: =(Table1[[#This Row],[2023 Market share (%)]]-Table1[[#This Row],[2022 Market share (%)]])*10000 -> 1.5191515 | S86: 0.064795325 | T86: 243 | U86: =P86/T86 -> 2737.4486 | V86: -0.0040983607 | W86: =_xlfn.RRI(4,AM86,P86) -> 0.0068015608 | X86: =(Table1[[#This Row],[2023 Market share (%)]]-Table1[[#This Row],[2019 Market share (%)]])*10000 -> -22.081889 | Z86: =_xlfn.RRI(4,AO86,T86) -> -0.037379825 | AA86: 624721 | AB86: =Table1[[#This Row],[2022 U.S. Sales ($000)]]/SUMIF($E:$E, E86, $AA:$AA) -> 0.017459512 | AC86: 244 | AD86: =AA86/AC86 -> 2560.332 | AE86: 515544 | AF86: =Table1[[#This Row],[2021 U.S. Sales ($000)]]/SUMIF($E:$E, E86, $AE:$AE) -> 0.015538658 | AG86: 247 | AH86: =AE86/AG86 -> 2087.2227 | AI86: 404446 | AJ86: =Table1[[#This Row],[2020 U.S. Sales ($000)]]/SUMIF($E:$E, E86, $AI:$AI) -> 0.014201325 | AK86: 252 | AL86: =AI86/AK86 -> 1604.9444 | AM86: 647406 | AN86: =Table1[[#This Row],[2019 U.S. Sales ($000)]]/SUMIF($E:$E, E86, $AM:$AM) -> 0.019819616 | AO86: 283 | AP86: =AM86/AO86 -> 2287.6537
... A98: Captain D's Seafood Kitchen | B98: 477 | C98: LSR | D98: QSR | E98: All Other | F98: 97 | H98: =Table1[[#This Row],[2024 U.S. Sales ($000)]]/SUMIF($E:$E, E98, $G:$G) -> #DIV/0! | I98: =VLOOKUP(Table1[[#This Row],[Chain Name]],[1]Sheet1!A$3:G$26,7,0) -> #N/A | J98: =Table1[[#This Row],[2024 U.S. Sales ($000)]]/Table1[[#This Row],[2024 U.S. Units]] -> #N/A | K98: =Table1[[#This Row],[2024 U.S. Units]]/Table1[[#This Row],[2023 U.S. Units]]-1 -> #N/A | L98: =_xlfn.RRI(5,Table1[[#This Row],[2019 U.S. Sales ($000)]],Table1[[#This Row],[2024 U.S. Sales ($000)]]) -> -1 | M98: =(Table1[[#This Row],[2024 Market share (%)]]-Table1[[#This Row],[2019 Market share (%)]])*10000 -> #DIV/0! | P98: 568168 | Q98: =Table1[[#This Row],[2023 U.S. Sales ($000)]]/SUMIF($E:$E, E98, $P:$P) -> 0.10931959 | R98: =(Table1[[#This Row],[2023 Market share (%)]]-Table1[[#This Row],[2022 Market share (%)]])*10000 -> -144.73328 | S98: 0.036020233 | T98: 526 | U98: =P98/T98 -> 1080.1673 | V98: -0.0075471698 | W98: =_xlfn.RRI(4,AM98,P98) -> 0.0027379043 | X98: =(Table1[[#This Row],[2023 Market share (%)]]-Table1[[#This Row],[2019 Market share (%)]])*10000 -> -481.61381 | Z98: =_xlfn.RRI(4,AO98,T98) -> -0.0060850005 | AA98: 548414 | AB98: =Table1[[#This Row],[2022 U.S. Sales ($000)]]/SUMIF($E:$E, E98, $AA:$AA) -> 0.12379291 | AC98: 530 | AD98: =AA98/AC98 -> 1034.7434 | AE98: 567507 | AF98: =Table1[[#This Row],[2021 U.S. Sales ($000)]]/SUMIF($E:$E, E98, $AE:$AE) -> 0.15041873 | AG98: 538 | AH98: =AE98/AG98 -> 1054.8457 | AI98: 543781 | AJ98: =Table1[[#This Row],[2020 U.S. Sales ($000)]]/SUMIF($E:$E, E98, $AI:$AI) -> 0.17745279 | AK98: 539 | AL98: =AI98/AK98 -> 1008.8701 | AM98: 561988 | AN98: =Table1[[#This Row],[2019 U.S. Sales ($000)]]/SUMIF($E:$E, E98, $AM:$AM) -> 0.15748097 | AO98: 539 | AP98: =AM98/AO98 -> 1042.6494
A99: Tous Les Jours | B99: 31264 | C99: LSR | D99: FC | E99: Coffee Cafe | F99: 227 | G99: 220000 | H99: =Table1[[#This Row],[2024 U.S. Sales ($000)]]/SUMIF($E:$E, E99, $G:$G) -> 0.0043537617 | I99: 150 | J99: =Table1[[#This Row],[2024 U.S. Sales ($000)]]/Table1[[#This Row],[2024 U.S. Units]] -> 1466.6667 | K99: =Table1[[#This Row],[2024 U.S. Units]]/Table1[[#This Row],[2023 U.S. Units]]-1 -> 0.38888889 | L99: =_xlfn.RRI(5,Table1[[#This Row],[2019 U.S. Sales ($000)]],Table1[[#This Row],[2024 U.S. Sales ($000)]]) -> 0.21850624 | M99: =(Table1[[#This Row],[2024 Market share (%)]]-Table1[[#This Row],[2019 Market share (%)]])*10000 -> 20.128013 | P99: 172840 | Q99: =Table1[[#This Row],[2023 U.S. Sales ($000)]]/SUMIF($E:$E, E99, $P:$P) -> 0.003525649 | R99: =(Table1[[#This Row],[2023 Market share (%)]]-Table1[[#This Row],[2022 Market share (%)]])*10000 -> 5.5073772 | S99: 0.32039725 | T99: 108 | U99: =P99/T99 -> 1600.3704 | V99: 0.25581395 | W99: =_xlfn.RRI(4,AM99,P99) -> 0.20528594 | X99: =(Table1[[#This Row],[2023 Market share (%)]]-Table1[[#This Row],[2019 Market share (%)]])*10000 -> 11.846887 | Z99: =_xlfn.RRI(4,AO99,T99) -> 0.17844395 | AA99: 130900 | AB99: =Table1[[#This Row],[2022 U.S. Sales ($000)]]/SUMIF($E:$E, E99, $AA:$AA) -> 0.0029749113 | AC99: 86 | AD99: =AA99/AC99 -> 1522.093 | AE99: 100200 | AF99: =Table1[[#This Row],[2021 U.S. Sales ($000)]]/SUMIF($E:$E, E99, $AE:$AE) -> 0.0025818029 | AG99: 72 | AH99: =AE99/AG99 -> 1391.6667 | AI99: 75167 | AJ99: =Table1[[#This Row],[2020 U.S. Sales ($000)]]/SUMIF($E:$E, E99, $AI:$AI) -> 0.0024240738 | AK99: 64 | AL99: =AI99/AK99 -> 1174.4844 | AM99: 81900 | AN99: =Table1[[#This Row],[2019 U.S. Sales ($000)]]/SUMIF($E:$E, E99, $AM:$AM) -> 0.0023409603 | AO99: 56 | AP99: =AM99/AO99 -> 1462.5
A100: Potbelly Sandwich Shop | B100: 2315 | C100: LSR | D100: FC | E100: Sandwich | F100: 99 | H100: =Table1[[#This Row],[2024 U.S. Sales ($000)]]/SUMIF($E:$E, E100, $G:$G) -> #DIV/0! | I100: =VLOOKUP(Table1[[#This Row],[Chain Name]],[1]Sheet1!A$3:G$26,7,0) -> #N/A | J100: =Table1[[#This Row],[2024 U.S. Sales ($000)]]/Table1[[#This Row],[2024 U.S. Units]] -> #N/A | K100: =Table1[[#This Row],[2024 U.S. Units]]/Table1[[#This Row],[2023 U.S. Units]]-1 -> #N/A | L100: =_xlfn.RRI(5,Table1[[#This Row],[2019 U.S. Sales ($000)]],Table1[[#This Row],[2024 U.S. Sales ($000)]]) -> -1 | M100: =(Table1[[#This Row],[2024 Market share (%)]]-Table1[[#This Row],[2019 Market share (%)]])*10000 -> #DIV/0! | P100: 559688 | Q100: =Table1[[#This Row],[2023 U.S. Sales ($000)]]/SUMIF($E:$E, E100, $P:$P) -> 0.014817956 | R100: =(Table1[[#This Row],[2023 Market share (%)]]-Table1[[#This Row],[2022 Market share (%)]])*10000 -> 9.2143988 | S100: 0.1256051 | T100: 424 | U100: =P100/T100 -> 1320.0189 | V100: -0.011655012 | W100: =_xlfn.RRI(4,AM100,P100) -> 0.057467163 | X100: =(Table1[[#This Row],[2023 Market share (%)]]-Table1[[#This Row],[2019 Market share (%)]])*10000 -> 11.155463 | Z100: =_xlfn.RRI(4,AO100,T100) -> -0.027483723 | AA100: 497233 | AB100: =Table1[[#This Row],[2022 U.S. Sales ($000)]]/SUMIF($E:$E, E100, $AA:$AA) -> 0.013896516 | AC100: 429 | AD100: =AA100/AC100 -> 1159.0513 | AE100: 420783 | AF100: =Table1[[#This Row],[2021 U.S. Sales ($000)]]/SUMIF($E:$E, E100, $AE:$AE) -> 0.012682532 | AG100: 443 | AH100: =AE100/AG100 -> 949.84876 | AI100: 321437 | AJ100: =Table1[[#This Row],[2020 U.S. Sales ($000)]]/SUMIF($E:$E, E100, $AI:$AI) -> 0.011286627 | AK100: 446 | AL100: =AI100/AK100 -> 720.71076 | AM100: 447588 | AN100: =Table1[[#This Row],[2019 U.S. Sales ($000)]]/SUMIF($E:$E, E100, $AM:$AM) -> 0.013702409 | AO100: 474 | AP100: =AM100/AO100 -> 944.27848
A101: Cold Stone Creamery | B101: 2690 | C101: LSR | D101: QSR | E101: Frozen Desserts | F101: 100 | H101: =Table1[[#This Row],[2024 U.S. Sales ($000)]]/SUMIF($E:$E, E101, $G:$G) -> #DIV/0! | I101: =VLOOKUP(Table1[[#This Row],[Chain Name]],[1]Sheet1!A$3:G$26,7,0) -> #N/A | J101: =Table1[[#This Row],[2024 U.S. Sales ($000)]]/Table1[[#This Row],[2024 U.S. Units]] -> #N/A | K101: =Table1[[#This Row],[2024 U.S. Units]]/Table1[[#This Row],[2023 U.S. Units]]-1 -> #N/A | L101: =_xlfn.RRI(5,Table1[[#This Row],[2019 U.S. Sales ($000)]],Table1[[#This Row],[2024 U.S. Sales ($000)]]) -> -1 | M101: =(Table1[[#This Row],[2024 Market share (%)]]-Table1[[#This Row],[2019 Market share (%)]])*10000 -> #DIV/0! | P101: 554800 | Q101: =Table1[[#This Row],[2023 U.S. Sales ($000)]]/SUMIF($E:$E, E101, $P:$P) -> 0.068377602 | R101: =(Table1[[#This Row],[2023 Market share (%)]]-Table1[[#This Row],[2022 Market share (%)]])*10000 -> -17.843787 | S101: 0.050160893 | T101: 953 | U101: =P101/T101 -> 582.16159 | V101: 0.04495614 | W101: =_xlfn.RRI(4,AM101,P101) -> 0.095145198 | X101: =(Table1[[#This Row],[2023 Market share (%)]]-Table1[[#This Row],[2019 Market share (%)]])*10000 -> 76.293895 | Z101: =_xlfn.RRI(4,AO101,T101) -> 0.014972186 | AA101: 528300 | AB101: =Table1[[#This Row],[2022 U.S. Sales ($000)]]/SUMIF($E:$E, E101, $AA:$AA) -> 0.070161981 | AC101: 912 | AD101: =AA101/AC101 -> 579.27632 | AE101: 506200 | AF101: =Table1[[#This Row],[2021 U.S. Sales ($000)]]/SUMIF($E:$E, E101, $AE:$AE) -> 0.069332474 | AG101: 894 | AH101: =AE101/AG101 -> 566.21924 | AI101: 396900 | AJ101: =Table1[[#This Row],[2020 U.S. Sales ($000)]]/SUMIF($E:$E, E101, $AI:$AI) -> 0.062110596 | AK101: 882 | AL101: =AI101/AK101 -> 450 | AM101: 385700 | AN101: =Table1[[#This Row],[2019 U.S. Sales ($000)]]/SUMIF($E:$E, E101, $AM:$AM) -> 0.060748213 | AO101: 898 | AP101: =AM101/AO101 -> 429.51002
A102: Twin Peaks | B102: 7711 | C102: FSR | D102: CDR | E102: Sports Bar | F102: 101 | H102: =Table1[[#This Row],[2024 U.S. Sales ($000)]]/SUMIF($E:$E, E102, $G:$G) -> #DIV/0! | I102: =VLOOKUP(Table1[[#This Row],[Chain Name]],[1]Sheet1!A$3:G$26,7,0) -> #N/A | J102: =Table1[[#This Row],[2024 U.S. Sales ($000)]]/Table1[[#This Row],[2024 U.S. Units]] -> #N/A | K102: =Table1[[#This Row],[2024 U.S. Units]]/Table1[[#This Row],[2023 U.S. Units]]-1 -> #N/A | L102: =_xlfn.RRI(5,Table1[[#This Row],[2019 U.S. Sales ($000)]],Table1[[#This Row],[2024 U.S. Sales ($000)]]) -> -1 | M102: =(Table1[[#This Row],[2024 Market share (%)]]-Table1[[#This Row],[2019 Market share (%)]])*10000 -> #DIV/0! | P102: 545910 | Q102: =Table1[[#This Row],[2023 U.S. Sales ($000)]]/SUMIF($E:$E, E102, $P:$P) -> 0.055985573 | R102: =(Table1[[#This Row],[2023 Market share (%)]]-Table1[[#This Row],[2022 Market share (%)]])*10000 -> 35.250022 | S102: 0.11140292 | T102: 103 | U102: =P102/T102 -> 5300.0971 | V102: 0.11956522 | W102: =_xlfn.RRI(4,AM102,P102) -> 0.12917113 | X102: =(Table1[[#This Row],[2023 Market share (%)]]-Table1[[#This Row],[2019 Market share (%)]])*10000 -> 167.51222 | Z102: =_xlfn.RRI(4,AO102,T102) -> 0.052299792 | AA102: 491190 | AB102: =Table1[[#This Row],[2022 U.S. Sales ($000)]]/SUMIF($E:$E, E102, $AA:$AA) -> 0.05246057 | AC102: 92 | AD102: =AA102/AC102 -> 5339.0217 | AE102: 392528 | AF102: =Table1[[#This Row],[2021 U.S. Sales ($000)]]/SUMIF($E:$E, E102, $AE:$AE) -> 0.046025131 | AG102: 84 | AH102: =AE102/AG102 -> 4672.9524 | AI102: 259550 | AJ102: =Table1[[#This Row],[2020 U.S. Sales ($000)]]/SUMIF($E:$E, E102, $AI:$AI) -> 0.039174089 | AK102: 79 | AL102: =AI102/AK102 -> 3285.443 | AM102: 335801 | AN102: =Table1[[#This Row],[2019 U.S. Sales ($000)]]/SUMIF($E:$E, E102, $AM:$AM) -> 0.039234351 | AO102: 84 | AP102: =AM102/AO102 -> 3997.631
A103: Jack's Family Restaurants | B103: 2530 | C103: LSR | D103: QSR | E103: Burger | F103: 102 | H103: =Table1[[#This Row],[2024 U.S. Sales ($000)]]/SUMIF($E:$E, E103, $G:$G) -> #DIV/0! | I103: =VLOOKUP(Table1[[#This Row],[Chain Name]],[1]Sheet1!A$3:G$26,7,0) -> #N/A | J103: =Table1[[#This Row],[2024 U.S. Sales ($000)]]/Table1[[#This Row],[2024 U.S. Units]] -> #N/A | K103: =Table1[[#This Row],[2024 U.S. Units]]/Table1[[#This Row],[2023 U.S. Units]]-1 -> #N/A | L103: =_xlfn.RRI(5,Table1[[#This Row],[2019 U.S. Sales ($000)]],Table1[[#This Row],[2024 U.S. Sales ($000)]]) -> -1 | M103: =(Table1[[#This Row],[2024 Market share (%)]]-Table1[[#This Row],[2019 Market share (%)]])*10000 -> #DIV/0! | P103: 545600 | Q103: =Table1[[#This Row],[2023 U.S. Sales ($000)]]/SUMIF($E:$E, E103, $P:$P) -> 0.0049834194 | R103: =(Table1[[#This Row],[2023 Market share (%)]]-Table1[[#This Row],[2022 Market share (%)]])*10000 -> 2.4624544 | S103: 0.12727273 | T103: 252 | U103: =P103/T103 -> 2165.0794 | V103: 0.095652174 | W103: =_xlfn.RRI(4,AM103,P103) -> 0.13871467 | X103: =(Table1[[#This Row],[2023 Market share (%)]]-Table1[[#This Row],[2019 Market share (%)]])*10000 -> 12.32339 | Z103: =_xlfn.RRI(4,AO103,T103) -> 0.093885759 | AA103: 484000 | AB103: =Table1[[#This Row],[2022 U.S. Sales ($000)]]/SUMIF($E:$E, E103, $AA:$AA) -> 0.004737174 | AC103: 230 | AD103: =AA103/AC103 -> 2104.3478 | AE103: 428100 | AF103: =Table1[[#This Row],[2021 U.S. Sales ($000)]]/SUMIF($E:$E, E103, $AE:$AE) -> 0.0044001039 | AG103: 210 | AH103: =AE103/AG103 -> 2038.5714 | AI103: 368000 | AJ103: =Table1[[#This Row],[2020 U.S. Sales ($000)]]/SUMIF($E:$E, E103, $AI:$AI) -> 0.0042113283 | AK103: 192 | AL103: =AI103/AK103 -> 1916.6667 | AM103: 324500 | AN103: =Table1[[#This Row],[2019 U.S. Sales ($000)]]/SUMIF($E:$E, E103, $AM:$AM) -> 0.0037510804 | AO103: 176 | AP103: =AM103/AO103 -> 1843.75
A104: Benihana | B104: 859 | C104: FSR | D104: CDR | E104: Asian | F104: 103 | H104: =Table1[[#This Row],[2024 U.S. Sales ($000)]]/SUMIF($E:$E, E104, $G:$G) -> #DIV/0! | I104: =VLOOKUP(Table1[[#This Row],[Chain Name]],[1]Sheet1!A$3:G$26,7,0) -> #N/A | J104: =Table1[[#This Row],[2024 U.S. Sales ($000)]]/Table1[[#This Row],[2024 U.S. Units]] -> #N/A | K104: =Table1[[#This Row],[2024 U.S. Units]]/Table1[[#This Row],[2023 U.S. Units]]-1 -> #N/A | L104: =_xlfn.RRI(5,Table1[[#This Row],[2019 U.S. Sales ($000)]],Table1[[#This Row],[2024 U.S. Sales ($000)]]) -> -1 | M104: =(Table1[[#This Row],[2024 Market share (%)]]-Table1[[#This Row],[2019 Market share (%)]])*10000 -> #DIV/0! | P104: 540258 | Q104: =Table1[[#This Row],[2023 U.S. Sales ($000)]]/SUMIF($E:$E, E104, $P:$P) -> 0.15249007 | R104: =(Table1[[#This Row],[2023 Market share (%)]]-Table1[[#This Row],[2022 Market share (%)]])*10000 -> -133.00329 | S104: 0.035088055 | T104: 95 | U104: =P104/T104 -> 5686.9263 | V104: 0.032608696 | W104: =_xlfn.RRI(4,AM104,P104) -> -0.01503153 | X104: =(Table1[[#This Row],[2023 Market share (%)]]-Table1[[#This Row],[2019 Market share (%)]])*10000 -> -637.18893 | Z104: =_xlfn.RRI(4,AO104,T104) -> -0.0051949809 | AA104: 521944 | AB104: =Table1[[#This Row],[2022 U.S. Sales ($000)]]/SUMIF($E:$E, E104, $AA:$AA) -> 0.1657904 | AC104: 92 | AD104: =AA104/AC104 -> 5673.3043 | AE104: 458702 | AF104: =Table1[[#This Row],[2021 U.S. Sales ($000)]]/SUMIF($E:$E, E104, $AE:$AE) -> 0.17248612 | AG104: 94 | AH104: =AE104/AG104 -> 4879.8085 | AI104: 336800 | AJ104: =Table1[[#This Row],[2020 U.S. Sales ($000)]]/SUMIF($E:$E, E104, $AI:$AI) -> 0.1777319 | AK104: 95 | AL104: =AI104/AK104 -> 3545.2632 | AM104: 574000 | AN104: =Table1[[#This Row],[2019 U.S. Sales ($000)]]/SUMIF($E:$E, E104, $AM:$AM) -> 0.21620897 | AO104: 97 | AP104: =AM104/AO104 -> 5917.5258
A105: Perkins American Food Co. | B105: 31 | C105: FSR | D105: MSR | E105: Family Style | F105: 104 | H105: =Table1[[#This Row],[2024 U.S. Sales ($000)]]/SUMIF($E:$E, E105, $G:$G) -> #DIV/0! | I105: =VLOOKUP(Table1[[#This Row],[Chain Name]],[1]Sheet1!A$3:G$26,7,0) -> #N/A | J105: =Table1[[#This Row],[2024 U.S. Sales ($000)]]/Table1[[#This Row],[2024 U.S. Units]] -> #N/A | K105: =Table1[[#This Row],[2024 U.S. Units]]/Table1[[#This Row],[2023 U.S. Units]]-1 -> #N/A | L105: =_xlfn.RRI(5,Table1[[#This Row],[2019 U.S. Sales ($000)]],Table1[[#This Row],[2024 U.S. Sales ($000)]]) -> -1 | M105: =(Table1[[#This Row],[2024 Market share (%)]]-Table1[[#This Row],[2019 Market share (%)]])*10000 -> #DIV/0! | P105: 532300 | Q105: =Table1[[#This Row],[2023 U.S. Sales ($000)]]/SUMIF($E:$E, E105, $P:$P) -> 0.030416543 | R105: =(Table1[[#This Row],[2023 Market share (%)]]-Table1[[#This Row],[2022 Market share (%)]])*10000 -> -5.2854309 | S105: 0.041479163 | T105: 263 | U105: =P105/T105 -> 2023.9544 | V105: -0.033088235 | W105: =_xlfn.RRI(4,AM105,P105) -> -0.041138915 | X105: =(Table1[[#This Row],[2023 Market share (%)]]-Table1[[#This Row],[2019 Market share (%)]])*10000 -> -67.461443 | Z105: =_xlfn.RRI(4,AO105,T105) -> -0.047858614 | AA105: 511100 | AB105: =Table1[[#This Row],[2022 U.S. Sales ($000)]]/SUMIF($E:$E, E105, $AA:$AA) -> 0.030945086 | AC105: 272 | AD105: =AA105/AC105 -> 1879.0441 | AE105: 500700 | AF105: =Table1[[#This Row],[2021 U.S. Sales ($000)]]/SUMIF($E:$E, E105, $AE:$AE) -> 0.033164249 | AG105: 279 | AH105: =AE105/AG105 -> 1794.6237 | AI105: 341600 | AJ105: =Table1[[#This Row],[2020 U.S. Sales ($000)]]/SUMIF($E:$E, E105, $AI:$AI) -> 0.032009262 | AK105: 290 | AL105: =AI105/AK105 -> 1177.931 | AM105: 629700 | AN105: =Table1[[#This Row],[2019 U.S. Sales ($000)]]/SUMIF($E:$E, E105, $AM:$AM) -> 0.037162688 | AO105: 320 | AP105: =AM105/AO105 -> 1967.8125
A106: Jamba | B106: 1650 | C106: LSR | D106: QSR | E106: Other Beverage/Snack | F106: 105 | H106: =Table1[[#This Row],[2024 U.S. Sales ($000)]]/SUMIF($E:$E, E106, $G:$G) -> #DIV/0! | I106: =VLOOKUP(Table1[[#This Row],[Chain Name]],[1]Sheet1!A$3:G$26,7,0) -> #N/A | J106: =Table1[[#This Row],[2024 U.S. Sales ($000)]]/Table1[[#This Row],[2024 U.S. Units]] -> #N/A | K106: =Table1[[#This Row],[2024 U.S. Units]]/Table1[[#This Row],[2023 U.S. Units]]-1 -> #N/A | L106: =_xlfn.RRI(5,Table1[[#This Row],[2019 U.S. Sales ($000)]],Table1[[#This Row],[2024 U.S. Sales ($000)]]) -> -1 | M106: =(Table1[[#This Row],[2024 Market share (%)]]-Table1[[#This Row],[2019 Market share (%)]])*10000 -> #DIV/0! | P106: 513029 | Q106: =Table1[[#This Row],[2023 U.S. Sales ($000)]]/SUMIF($E:$E, E106, $P:$P) -> 0.061994982 | R106: =(Table1[[#This Row],[2023 Market share (%)]]-Table1[[#This Row],[2022 Market share (%)]])*10000 -> -68.466002 | S106: 0.009740592 | T106: 734 | U106: =P106/T106 -> 698.94959 | V106: -0.0040705563 | W106: =_xlfn.RRI(4,AM106,P106) -> 0.0085546409 | X106: =(Table1[[#This Row],[2023 Market share (%)]]-Table1[[#This Row],[2019 Market share (%)]])*10000 -> -400.98662 | Z106: =_xlfn.RRI(4,AO106,T106) -> -0.014765411 | AA106: 508080 | AB106: =Table1[[#This Row],[2022 U.S. Sales ($000)]]/SUMIF($E:$E, E106, $AA:$AA) -> 0.068841583 | AC106: 737 | AD106: =AA106/AC106 -> 689.38942 | AE106: 504603 | AF106: =Table1[[#This Row],[2021 U.S. Sales ($000)]]/SUMIF($E:$E, E106, $AE:$AE) -> 0.080660595 | AG106: 750 | AH106: =AE106/AG106 -> 672.804 | AI106: 417882 | AJ106: =Table1[[#This Row],[2020 U.S. Sales ($000)]]/SUMIF($E:$E, E106, $AI:$AI) -> 0.090541936 | AK106: 767 | AL106: =AI106/AK106 -> 544.8266 | AM106: 495843 | AN106: =Table1[[#This Row],[2019 U.S. Sales ($000)]]/SUMIF($E:$E, E106, $AM:$AM) -> 0.10209364 | AO106: 779 | AP106: =AM106/AO106 -> 636.5122
A107: Maggiano's Little Italy | B107: 1494 | C107: FSR | D107: CDR | E107: Italian/Pizza | F107: 106 | H107: =Table1[[#This Row],[2024 U.S. Sales ($000)]]/SUMIF($E:$E, E107, $G:$G) -> #DIV/0! | I107: =VLOOKUP(Table1[[#This Row],[Chain Name]],[1]Sheet1!A$3:G$26,7,0) -> #N/A | J107: =Table1[[#This Row],[2024 U.S. Sales ($000)]]/Table1[[#This Row],[2024 U.S. Units]] -> #N/A | K107: =Table1[[#This Row],[2024 U.S. Units]]/Table1[[#This Row],[2023 U.S. Units]]-1 -> #N/A | L107: =_xlfn.RRI(5,Table1[[#This Row],[2019 U.S. Sales ($000)]],Table1[[#This Row],[2024 U.S. Sales ($000)]]) -> -1 | M107: =(Table1[[#This Row],[2024 Market share (%)]]-Table1[[#This Row],[2019 Market share (%)]])*10000 -> #DIV/0! | P107: 511100 | Q107: =Table1[[#This Row],[2023 U.S. Sales ($000)]]/SUMIF($E:$E, E107, $P:$P) -> 0.053184167 | R107: =(Table1[[#This Row],[2023 Market share (%)]]-Table1[[#This Row],[2022 Market share (%)]])*10000 -> 7.552771 | S107: 0.061474559 | T107: 52 | U107: =P107/T107 -> 9828.8462 | V107: -0.018867925 | W107: =_xlfn.RRI(4,AM107,P107) -> 0.054023182 | X107: =(Table1[[#This Row],[2023 Market share (%)]]-Table1[[#This Row],[2019 Market share (%)]])*10000 -> 77.848565 | Z107: =_xlfn.RRI(4,AO107,T107) -> -0.0047507282 | AA107: 481500 | AB107: =Table1[[#This Row],[2022 U.S. Sales ($000)]]/SUMIF($E:$E, E107, $AA:$AA) -> 0.052428889 | AC107: 53 | AD107: =AA107/AC107 -> 9084.9057 | AE107: 373500 | AF107: =Table1[[#This Row],[2021 U.S. Sales ($000)]]/SUMIF($E:$E, E107, $AE:$AE) -> 0.044605313 | AG107: 54 | AH107: =AE107/AG107 -> 6916.6667 | AI107: 247000 | AJ107: =Table1[[#This Row],[2020 U.S. Sales ($000)]]/SUMIF($E:$E, E107, $AI:$AI) -> 0.035802918 | AK107: 53 | AL107: =AI107/AK107 -> 4660.3774 | AM107: 414100 | AN107: =Table1[[#This Row],[2019 U.S. Sales ($000)]]/SUMIF($E:$E, E107, $AM:$AM) -> 0.04539931 | AO107: 53 | AP107: =AM107/AO107 -> 7813.2075
A108: Taco John's | B108: 849 | C108: LSR | D108: QSR | E108: Mexican | F108: 114 | H108: =Table1[[#This Row],[2024 U.S. Sales ($000)]]/SUMIF($E:$E, E108, $G:$G) -> #DIV/0! | I108: =VLOOKUP(Table1[[#This Row],[Chain Name]],[1]Sheet1!A$3:G$26,7,0) -> #N/A | J108: =Table1[[#This Row],[2024 U.S. Sales ($000)]]/Table1[[#This Row],[2024 U.S. Units]] -> #N/A | K108: =Table1[[#This Row],[2024 U.S. Units]]/Table1[[#This Row],[2023 U.S. Units]]-1 -> #N/A | L108: =_xlfn.RRI(5,Table1[[#This Row],[2019 U.S. Sales ($000)]],Table1[[#This Row],[2024 U.S. Sales ($000)]]) -> -1 | M108: =(Table1[[#This Row],[2024 Market share (%)]]-Table1[[#This Row],[2019 Market share (%)]])*10000 -> #DIV/0! | P108: 429405 | Q108: =Table1[[#This Row],[2023 U.S. Sales ($000)]]/SUMIF($E:$E, E108, $P:$P) -> 0.012977335 | R108: =(Table1[[#This Row],[2023 Market share (%)]]-Table1[[#This Row],[2022 Market share (%)]])*10000 -> -10.05937 | S108: 0.013866721 | T108: 364 | U108: =P108/T108 -> 1179.6841 | V108: -0.010869565 | W108: =_xlfn.RRI(4,AM108,P108) -> 0.037758342 | X108: =(Table1[[#This Row],[2023 Market share (%)]]-Table1[[#This Row],[2019 Market share (%)]])*10000 -> -22.947874 | Z108: =_xlfn.RRI(4,AO108,T108) -> -0.015200987 | AA108: 423532 | AB108: =Table1[[#This Row],[2022 U.S. Sales ($000)]]/SUMIF($E:$E, E108, $AA:$AA) -> 0.013983272 | AC108: 368 | AD108: =AA108/AC108 -> 1150.9022 | AE108: 410232 | AF108: =Table1[[#This Row],[2021 U.S. Sales ($000)]]/SUMIF($E:$E, E108, $AE:$AE) -> 0.014966915 | AG108: 368 | AH108: =AE108/AG108 -> 1114.7609 | AI108: 387600 | AJ108: =Table1[[#This Row],[2020 U.S. Sales ($000)]]/SUMIF($E:$E, E108, $AI:$AI) -> 0.016443491 | AK108: 389 | AL108: =AI108/AK108 -> 996.40103 | AM108: 370239 | AN108: =Table1[[#This Row],[2019 U.S. Sales ($000)]]/SUMIF($E:$E, E108, $AM:$AM) -> 0.015272122 | AO108: 387 | AP108: =AM108/AO108 -> 956.68992
A109: Hungry Howie's Pizza | B109: 887 | C109: LSR | D109: QSR | E109: Pizza | F109: 108 | H109: =Table1[[#This Row],[2024 U.S. Sales ($000)]]/SUMIF($E:$E, E109, $G:$G) -> #DIV/0! | I109: =VLOOKUP(Table1[[#This Row],[Chain Name]],[1]Sheet1!A$3:G$26,7,0) -> #N/A | J109: =Table1[[#This Row],[2024 U.S. Sales ($000)]]/Table1[[#This Row],[2024 U.S. Units]] -> #N/A | K109: =Table1[[#This Row],[2024 U.S. Units]]/Table1[[#This Row],[2023 U.S. Units]]-1 -> #N/A | L109: =_xlfn.RRI(5,Table1[[#This Row],[2019 U.S. Sales ($000)]],Table1[[#This Row],[2024 U.S. Sales ($000)]]) -> -1 | M109: =(Table1[[#This Row],[2024 Market share (%)]]-Table1[[#This Row],[2019 Market share (%)]])*10000 -> #DIV/0! | P109: 468272 | Q109: =Table1[[#This Row],[2023 U.S. Sales ($000)]]/SUMIF($E:$E, E109, $P:$P) -> 0.01532967 | R109: =(Table1[[#This Row],[2023 Market share (%)]]-Table1[[#This Row],[2022 Market share (%)]])*10000 -> -8.1364871 | S109: -0.022792439 | T109: 517 | U109: =P109/T109 -> 905.74855 | V109: -0.035447761 | W109: =_xlfn.RRI(4,AM109,P109) -> 0.049513741 | X109: =(Table1[[#This Row],[2023 Market share (%)]]-Table1[[#This Row],[2019 Market share (%)]])*10000 -> 3.7488141 | Z109: =_xlfn.RRI(4,AO109,T109) -> -0.0094439283 | AA109: 479194 | AB109: =Table1[[#This Row],[2022 U.S. Sales ($000)]]/SUMIF($E:$E, E109, $AA:$AA) -> 0.016143318 | AC109: 536 | AD109: =AA109/AC109 -> 894.01866 | AE109: 478256 | AF109: =Table1[[#This Row],[2021 U.S. Sales ($000)]]/SUMIF($E:$E, E109, $AE:$AE) -> 0.01645269 | AG109: 534 | AH109: =AE109/AG109 -> 895.61049 | AI109: 442106 | AJ109: =Table1[[#This Row],[2020 U.S. Sales ($000)]]/SUMIF($E:$E, E109, $AI:$AI) -> 0.016333813 | AK109: 537 | AL109: =AI109/AK109 -> 823.28864 | AM109: 385963 | AN109: =Table1[[#This Row],[2019 U.S. Sales ($000)]]/SUMIF($E:$E, E109, $AM:$AM) -> 0.014954788 | AO109: 537 | AP109: =AM109/AO109 -> 718.73929
A110: Topgolf | B110: 33402 | C110: FSR | D110: CDR | E110: Sports Bar | F110: 109 | H110: =Table1[[#This Row],[2024 U.S. Sales ($000)]]/SUMIF($E:$E, E110, $G:$G) -> #DIV/0! | I110: =VLOOKUP(Table1[[#This Row],[Chain Name]],[1]Sheet1!A$3:G$26,7,0) -> #N/A | J110: =Table1[[#This Row],[2024 U.S. Sales ($000)]]/Table1[[#This Row],[2024 U.S. Units]] -> #N/A | K110: =Table1[[#This Row],[2024 U.S. Units]]/Table1[[#This Row],[2023 U.S. Units]]-1 -> #N/A | L110: =_xlfn.RRI(5,Table1[[#This Row],[2019 U.S. Sales ($000)]],Table1[[#This Row],[2024 U.S. Sales ($000)]]) -> -1 | M110: =(Table1[[#This Row],[2024 Market share (%)]]-Table1[[#This Row],[2019 Market share (%)]])*10000 -> #DIV/0! | P110: 462000 | Q110: =Table1[[#This Row],[2023 U.S. Sales ($000)]]/SUMIF($E:$E, E110, $P:$P) -> 0.047380218 | R110: =(Table1[[#This Row],[2023 Market share (%)]]-Table1[[#This Row],[2022 Market share (%)]])*10000 -> 65.494268 | S110: 0.20847502 | T110: 89 | U110: =P110/T110 -> 5191.0112 | V110: 0.15584416 | W110: =_xlfn.RRI(4,AM110,P110) -> 0.15169323 | X110: =(Table1[[#This Row],[2023 Market share (%)]]-Table1[[#This Row],[2019 Market share (%)]])*10000 -> 166.98533 | Z110: =_xlfn.RRI(4,AO110,T110) -> 0.13304996 | AA110: 382300 | AB110: =Table1[[#This Row],[2022 U.S. Sales ($000)]]/SUMIF($E:$E, E110, $AA:$AA) -> 0.040830791 | AC110: 77 | AD110: =AA110/AC110 -> 4964.9351 | AE110: 310600 | AF110: =Table1[[#This Row],[2021 U.S. Sales ($000)]]/SUMIF($E:$E, E110, $AE:$AE) -> 0.036418818 | AG110: 67 | AH110: =AE110/AG110 -> 4635.8209 | AI110: 223200 | AJ110: =Table1[[#This Row],[2020 U.S. Sales ($000)]]/SUMIF($E:$E, E110, $AI:$AI) -> 0.033687754 | AK110: 58 | AL110: =AI110/AK110 -> 3848.2759 | AM110: 262600 | AN110: =Table1[[#This Row],[2019 U.S. Sales ($000)]]/SUMIF($E:$E, E110, $AM:$AM) -> 0.030681685 | AO110: 54 | AP110: =AM110/AO110 -> 4862.963
A111: Cafe Rio Mexican Grill | B111: 5999 | C111: LSR | D111: FC | E111: Mexican | F111: 128 | H111: =Table1[[#This Row],[2024 U.S. Sales ($000)]]/SUMIF($E:$E, E111, $G:$G) -> #DIV/0! | I111: =VLOOKUP(Table1[[#This Row],[Chain Name]],[1]Sheet1!A$3:G$26,7,0) -> #N/A | J111: =Table1[[#This Row],[2024 U.S. Sales ($000)]]/Table1[[#This Row],[2024 U.S. Units]] -> #N/A | K111: =Table1[[#This Row],[2024 U.S. Units]]/Table1[[#This Row],[2023 U.S. Units]]-1 -> #N/A | L111: =_xlfn.RRI(5,Table1[[#This Row],[2019 U.S. Sales ($000)]],Table1[[#This Row],[2024 U.S. Sales ($000)]]) -> -1 | M111: =(Table1[[#This Row],[2024 Market share (%)]]-Table1[[#This Row],[2019 Market share (%)]])*10000 -> #DIV/0! | P111: 369700 | Q111: =Table1[[#This Row],[2023 U.S. Sales ($000)]]/SUMIF($E:$E, E111, $P:$P) -> 0.01117295 | R111: =(Table1[[#This Row],[2023 Market share (%)]]-Table1[[#This Row],[2022 Market share (%)]])*10000 -> 0.20193801 | S111: 0.094434577 | T111: 163 | U111: =P111/T111 -> 2268.0982 | V111: 0.051612903 | W111: =_xlfn.RRI(4,AM111,P111) -> 0.084660664 | X111: =(Table1[[#This Row],[2023 Market share (%)]]-Table1[[#This Row],[2019 Market share (%)]])*10000 -> 1.5524579 | Z111: =_xlfn.RRI(4,AO111,T111) -> 0.066483805 | AA111: 337800 | AB111: =Table1[[#This Row],[2022 U.S. Sales ($000)]]/SUMIF($E:$E, E111, $AA:$AA) -> 0.011152756 | AC111: 155 | AD111: =AA111/AC111 -> 2179.3548 | AE111: 304200 | AF111: =Table1[[#This Row],[2021 U.S. Sales ($000)]]/SUMIF($E:$E, E111, $AE:$AE) -> 0.011098441 | AG111: 150 | AH111: =AE111/AG111 -> 2028 | AI111: 251900 | AJ111: =Table1[[#This Row],[2020 U.S. Sales ($000)]]/SUMIF($E:$E, E111, $AI:$AI) -> 0.010686572 | AK111: 135 | AL111: =AI111/AK111 -> 1865.9259 | AM111: 267100 | AN111: =Table1[[#This Row],[2019 U.S. Sales ($000)]]/SUMIF($E:$E, E111, $AM:$AM) -> 0.011017704 | AO111: 126 | AP111: =AM111/AO111 -> 2119.8413
... A130: Pollo Tropical | B130: 957 | C130: LSR | D130: FC | E130: Chicken | F130: 129 | H130: =Table1[[#This Row],[2024 U.S. Sales ($000)]]/SUMIF($E:$E, E130, $G:$G) -> #DIV/0! | I130: =VLOOKUP(Table1[[#This Row],[Chain Name]],[1]Sheet1!A$3:G$26,7,0) -> #N/A | J130: =Table1[[#This Row],[2024 U.S. Sales ($000)]]/Table1[[#This Row],[2024 U.S. Units]] -> #N/A | K130: =Table1[[#This Row],[2024 U.S. Units]]/Table1[[#This Row],[2023 U.S. Units]]-1 -> #N/A | L130: =_xlfn.RRI(5,Table1[[#This Row],[2019 U.S. Sales ($000)]],Table1[[#This Row],[2024 U.S. Sales ($000)]]) -> -1 | M130: =(Table1[[#This Row],[2024 Market share (%)]]-Table1[[#This Row],[2019 Market share (%)]])*10000 -> #DIV/0! | P130: 369100 | Q130: =Table1[[#This Row],[2023 U.S. Sales ($000)]]/SUMIF($E:$E, E130, $P:$P) -> 0.007535311 | R130: =(Table1[[#This Row],[2023 Market share (%)]]-Table1[[#This Row],[2022 Market share (%)]])*10000 -> -13.101665 | S130: -0.043643637 | T130: 130 | U130: =P130/T130 -> 2839.2308 | V130: -0.051094891 | W130: =_xlfn.RRI(4,AM130,P130) -> 0.0050808199 | X130: =(Table1[[#This Row],[2023 Market share (%)]]-Table1[[#This Row],[2019 Market share (%)]])*10000 -> -42.463546 | Z130: =_xlfn.RRI(4,AO130,T130) -> -0.021831322 | AA130: 385944 | AB130: =Table1[[#This Row],[2022 U.S. Sales ($000)]]/SUMIF($E:$E, E130, $AA:$AA) -> 0.0088454775 | AC130: 137 | AD130: =AA130/AC130 -> 2817.1095 | AE130: 355492 | AF130: =Table1[[#This Row],[2021 U.S. Sales ($000)]]/SUMIF($E:$E, E130, $AE:$AE) -> 0.0090421774 | AG130: 138 | AH130: =AE130/AG130 -> 2576.029 | AI130: 314112 | AJ130: =Table1[[#This Row],[2020 U.S. Sales ($000)]]/SUMIF($E:$E, E130, $AI:$AI) -> 0.0092879452 | AK130: 138 | AL130: =AI130/AK130 -> 2276.1739 | AM130: 361693 | AN130: =Table1[[#This Row],[2019 U.S. Sales ($000)]]/SUMIF($E:$E, E130, $AM:$AM) -> 0.011781666 | AO130: 142 | AP130: =AM130/AO130 -> 2547.1338
A131: Biggby Coffee | B131: 2427 | C131: LSR | D131: QSR | E131: Coffee Cafe | F131: 170 | G131: 320000 | H131: =Table1[[#This Row],[2024 U.S. Sales ($000)]]/SUMIF($E:$E, E131, $G:$G) -> 0.0063327442 | I131: 420 | J131: =Table1[[#This Row],[2024 U.S. Sales ($000)]]/Table1[[#This Row],[2024 U.S. Units]] -> 761.90476 | K131: =Table1[[#This Row],[2024 U.S. Units]]/Table1[[#This Row],[2023 U.S. Units]]-1 -> 0.096605744 | L131: =_xlfn.RRI(5,Table1[[#This Row],[2019 U.S. Sales ($000)]],Table1[[#This Row],[2024 U.S. Sales ($000)]]) -> 0.14068438 | M131: =(Table1[[#This Row],[2024 Market share (%)]]-Table1[[#This Row],[2019 Market share (%)]])*10000 -> 15.965156 | P131: 252700 | Q131: =Table1[[#This Row],[2023 U.S. Sales ($000)]]/SUMIF($E:$E, E131, $P:$P) -> 0.0051546604 | R131: =(Table1[[#This Row],[2023 Market share (%)]]-Table1[[#This Row],[2022 Market share (%)]])*10000 -> 3.2980428 | S131: 0.19029675 | T131: 383 | U131: =P131/T131 -> 659.79112 | V131: 0.14670659 | W131: =_xlfn.RRI(4,AM131,P131) -> 0.1112728 | X131: =(Table1[[#This Row],[2023 Market share (%)]]-Table1[[#This Row],[2019 Market share (%)]])*10000 -> 4.1843176 | Z131: =_xlfn.RRI(4,AO131,T131) -> 0.12512356 | AA131: 212300 | AB131: =Table1[[#This Row],[2022 U.S. Sales ($000)]]/SUMIF($E:$E, E131, $AA:$AA) -> 0.0048248561 | AC131: 334 | AD131: =AA131/AC131 -> 635.62874 | AE131: 174800 | AF131: =Table1[[#This Row],[2021 U.S. Sales ($000)]]/SUMIF($E:$E, E131, $AE:$AE) -> 0.0045039835 | AG131: 281 | AH131: =AE131/AG131 -> 622.06406 | AI131: 150000 | AJ131: =Table1[[#This Row],[2020 U.S. Sales ($000)]]/SUMIF($E:$E, E131, $AI:$AI) -> 0.0048373763 | AK131: 245 | AL131: =AI131/AK131 -> 612.2449 | AM131: 165700 | AN131: =Table1[[#This Row],[2019 U.S. Sales ($000)]]/SUMIF($E:$E, E131, $AM:$AM) -> 0.0047362287 | AO131: 239 | AP131: =AM131/AO131 -> 693.30544
...

Sheet HHI
B2: Category | C2: HHI | M2: Chain | N2: Burger | O2: Mkt Share | P2: Chain | Q2: Chicken | R2: Mkt Share | S2: Chain | T2: Pizza | U2: Mkt Share | V2: Chain | W2: Mexican | X2: Mkt Share | Y2: Chain | Z2: Coffee | AA2: Mkt Share | AB2: Chain | AC2: Sandwich | AD2: Mkt Share
B3: Coffee | C3: =$AA$24 -> 4769.0055 | M3: A&W All American Food | N3: 241200 | O3: =N3/SUM($N$3:$N$37)*100 -> 0.22030806 | P3: bb.q Chicken | Q3: 180600 | R3: =Q3/SUM($Q$3:$Q$29)*100 -> 0.36870148 | S3: Anthony's Coal Fired Pizza | T3: 125686 | U3: =T3/SUM($T$3:$T$60)*100 -> 0.31298824 | V3: Abuelo's Mexican Restaurant | W3: 83000 | X3: =W3/SUM($W$3:$W$40)*100 -> 0.25083983 | Y3: 7 Brew Drive Thru Coffee | Z3: 191000 | AA3: =Z3/SUM($Z$3:$Z$23)*100 -> 0.38960829 | AB3: American Deli | AC3: 115100 | AD3: =AC3/SUM($AC$3:$AC$55)*100 -> 0.30473169
B4: Mexican | C4: =$X$41 -> 2963.0495 | M4: Burger King | N4: 10957000 | O4: =N4/SUM($N$3:$N$37)*100 -> 10.007941 | P4: Bojangles | Q4: 1780400 | R4: =Q4/SUM($Q$3:$Q$29)*100 -> 3.6347515 | S4: Bravo! Italian Kitchen | T4: 69000 | U4: =T4/SUM($T$3:$T$60)*100 -> 0.17182653 | V4: Baja Fresh Mexican Grill | W4: 64400 | X4: =W4/SUM($W$3:$W$40)*100 -> 0.19462753 | Y4: Aroma Joe's | Z4: 97115 | AA4: =Z4/SUM($Z$3:$Z$23)*100 -> 0.19809847 | AB4: Arby's | AC4: 4616904 | AD4: =AC4/SUM($AC$3:$AC$55)*100 -> 12.223432
B5: Burger | C5: =$O$38 -> 2661.906 | M5: BurgerFi | N5: 148751 | O5: =N5/SUM($N$3:$N$37)*100 -> 0.13586668 | P5: Boston Market | Q5: 149900 | R5: =Q5/SUM($Q$3:$Q$29)*100 -> 0.30602631 | S5: Brio Italian Grille | T5: 120200 | U5: =T5/SUM($T$3:$T$60)*100 -> 0.29932679 | V5: Barrio Tacos | W5: 103000 | X5: =W5/SUM($W$3:$W$40)*100 -> 0.31128316 | Y5: Au Bon Pain | Z5: 103200 | AA5: =Z5/SUM($Z$3:$Z$23)*100 -> 0.21051086 | AB5: Biscuitville Fresh Southern | AC5: 78800 | AD5: =AC5/SUM($AC$3:$AC$55)*100 -> 0.20862604
B6: Chicken | C6: =$R$30 -> 2332.2194 | M6: Burgerville | N6: 80100 | O6: =N6/SUM($N$3:$N$37)*100 -> 0.073162004 | P6: Chicken Express | Q6: 111700 | R6: =Q6/SUM($Q$3:$Q$29)*100 -> 0.22803962 | S6: Buca di Beppo | T6: 166700 | U6: =T6/SUM($T$3:$T$60)*100 -> 0.41512293 | V6: Bartaco | W6: 148500 | X6: =W6/SUM($W$3:$W$40)*100 -> 0.44879174 | Y6: Biggby Coffee | Z6: 252700 | AA6: =Z6/SUM($Z$3:$Z$23)*100 -> 0.51546604 | AB6: Board & Brew | AC6: 66540 | AD6: =AC6/SUM($AC$3:$AC$55)*100 -> 0.17616722
B7: Sandwich | C7: =$AD$56 -> 1301.9677 | M7: Carl's Jr. | N7: 1614300 | O7: =N7/SUM($N$3:$N$37)*100 -> 1.4744747 | P7: Chicken Salad Chick | Q7: 352468 | R7: =Q7/SUM($Q$3:$Q$29)*100 -> 0.71957627 | S7: California Pizza Kitchen | T7: 453000 | U7: =T7/SUM($T$3:$T$60)*100 -> 1.1280785 | V7: Bubbakoo's Burritos | W7: 95100 | X7: =W7/SUM($W$3:$W$40)*100 -> 0.28740805 | Y7: Black Rock Coffee Bar | Z7: 146444 | AA7: =Z7/SUM($Z$3:$Z$23)*100 -> 0.29872144 | AB7: Bruegger's Bagels | AC7: 174100 | AD7: =AC7/SUM($AC$3:$AC$55)*100 -> 0.46093647
B8: Pizza | C8: =$U$61 -> 1105.2214 | M8: Checkers | N8: 576900 | O8: =N8/SUM($N$3:$N$37)*100 -> 0.52693084 | P8: Chick-fil-A | Q8: 21585752 | R8: =Q8/SUM($Q$3:$Q$29)*100 -> 44.068099 | S8: Carrabba's Italian Grill | T8: 769946 | U8: =T8/SUM($T$3:$T$60)*100 -> 1.9173499 | V8: Cafe Rio Mexican Grill | W8: 369700 | X8: =W8/SUM($W$3:$W$40)*100 -> 1.117295 | Y8: Blue Bottle Coffee | Z8: 76700 | AA8: =Z8/SUM($Z$3:$Z$23)*100 -> 0.15645526 | AB8: Buona | AC8: 80700 | AD8: =AC8/SUM($AC$3:$AC$55)*100 -> 0.21365636
M9: Cook Out | N9: 331000 | O9: =N9/SUM($N$3:$N$37)*100 -> 0.30232988 | P9: Church's Texas Chicken | Q9: 803001 | R9: =Q9/SUM($Q$3:$Q$29)*100 -> 1.6393558 | S9: Dion's Pizza | T9: 105000 | U9: =T9/SUM($T$3:$T$60)*100 -> 0.26147515 | V9: Chipotle Mexican Grill | W9: 9804124 | X9: =W9/SUM($W$3:$W$40)*100 -> 29.629696 | Y9: Bluestone Lane | Z9: 79100 | AA9: =Z9/SUM($Z$3:$Z$23)*100 -> 0.16135087 | AB9: Cafe Zupas | AC9: 70700 | AD9: =AC9/SUM($AC$3:$AC$55)*100 -> 0.18718098
M10: Culver's | N10: 3310469 | O10: =N10/SUM($N$3:$N$37)*100 -> 3.0237272 | P10: Dave's Hot Chicken | Q10: 406188 | R10: =Q10/SUM($Q$3:$Q$29)*100 -> 0.82924761 | S10: Emmy Squared Pizza | T10: 65000 | U10: =T10/SUM($T$3:$T$60)*100 -> 0.16186557 | V10: Chuy's | W10: 461310 | X10: =W10/SUM($W$3:$W$40)*100 -> 1.3941557 | Y10: Caribou Coffee | Z10: 367146 | AA10: =Z10/SUM($Z$3:$Z$23)*100 -> 0.74891688 | AB10: Capriotti's Sandwich Shop | AC10: 132300 | AD10: =AC10/SUM($AC$3:$AC$55)*100 -> 0.35026936
M11: Farmer Boys | N11: 256497 | O11: =N11/SUM($N$3:$N$37)*100 -> 0.23428008 | P11: El Pollo Loco | Q11: 1050214 | R11: =Q11/SUM($Q$3:$Q$29)*100 -> 2.1440502 | S11: Giordano's | T11: 147200 | U11: =T11/SUM($T$3:$T$60)*100 -> 0.36656326 | V11: Condado Tacos | W11: 150800 | X11: =W11/SUM($W$3:$W$40)*100 -> 0.45574273 | Y11: Coffee Bean & Tea Leaf | Z11: 226550 | AA11: =Z11/SUM($Z$3:$Z$23)*100 -> 0.46212438 | AB11: Charleys Cheesesteaks | AC11: 663200 | AD11: =AC11/SUM($AC$3:$AC$55)*100 -> 1.7558476
M12: Fatburger | N12: 100241 | O12: =N12/SUM($N$3:$N$37)*100 -> 0.091558457 | P12: Epic Wings | Q12: 61700 | R12: =Q12/SUM($Q$3:$Q$29)*100 -> 0.1259628 | S12: Grimaldi's Pizzeria | T12: 125640 | U12: =T12/SUM($T$3:$T$60)*100 -> 0.31287369 | V12: Costa Vida Fresh Mexican Grill | W12: 187400 | X12: =W12/SUM($W$3:$W$40)*100 -> 0.56635403 | Y12: Dunkin' | Z12: 11918340 | AA12: =Z12/SUM($Z$3:$Z$23)*100 -> 24.311435 | AB12: Cheba Hut | AC12: 123267 | AD12: =AC12/SUM($AC$3:$AC$55)*100 -> 0.32635414
M13: Five Guys | N13: 2346600 | O13: =N13/SUM($N$3:$N$37)*100 -> 2.1433453 | P13: Golden Chick | Q13: 294188 | R13: =Q13/SUM($Q$3:$Q$29)*100 -> 0.60059552 | S13: Il Fornaio | T13: 93600 | U13: =T13/SUM($T$3:$T$60)*100 -> 0.23308642 | V13: Del Taco | W13: 974443 | X13: =W13/SUM($W$3:$W$40)*100 -> 2.9449291 | Y13: Dutch Bros Coffee | Z13: 1444433 | AA13: =Z13/SUM($Z$3:$Z$23)*100 -> 2.9464035 | AB13: Clean Eatz | AC13: 78900 | AD13: =AC13/SUM($AC$3:$AC$55)*100 -> 0.20889079
M14: Freddy's Frozen Custard & Steakburgers | N14: 925096 | O14: =N14/SUM($N$3:$N$37)*100 -> 0.84496726 | P14: Gus's Fried Chicken | Q14: 71500 | R14: =Q14/SUM($Q$3:$Q$29)*100 -> 0.14596986 | S14: Johnny Carino's | T14: 65600 | U14: =T14/SUM($T$3:$T$60)*100 -> 0.16335971 | V14: El Torito | W14: 64500 | X14: =W14/SUM($W$3:$W$40)*100 -> 0.19492975 | Y14: Human Bean, The | Z14: 140400 | AA14: =Z14/SUM($Z$3:$Z$23)*100 -> 0.28639269 | AB14: Corner Bakery | AC14: 168600 | AD14: =AC14/SUM($AC$3:$AC$55)*100 -> 0.44637501
M15: Fuddruckers | N15: 77200 | O15: =N15/SUM($N$3:$N$37)*100 -> 0.070513192 | P15: Huey Magoo's | Q15: 93200 | R15: =Q15/SUM($Q$3:$Q$29)*100 -> 0.1902712 | S15: Johnny's New York Style Pizza | T15: 67100 | U15: =T15/SUM($T$3:$T$60)*100 -> 0.16709507 | V15: Freebirds World Burrito | W15: 119700 | X15: =W15/SUM($W$3:$W$40)*100 -> 0.36175335 | Y15: Paris Baguette | Z15: 353500 | AA15: =Z15/SUM($Z$3:$Z$23)*100 -> 0.7210813 | AB15: Cousins Subs | AC15: 85200 | AD15: =AC15/SUM($AC$3:$AC$55)*100 -> 0.22557029
M16: Habit Burger & Grill | N16: 696000 | O16: =N16/SUM($N$3:$N$37)*100 -> 0.63571479 | P16: Jollibee | Q16: 286025 | R16: =Q16/SUM($Q$3:$Q$29)*100 -> 0.58393046 | S16: LaRosa's Pizzeria | T16: 181853 | U16: =T16/SUM($T$3:$T$60)*100 -> 0.45285752 | V16: Fuzzy's Taco Shop | W16: 223700 | X16: =W16/SUM($W$3:$W$40)*100 -> 0.67605867 | Y16: Peet's Coffee | Z16: 303800 | AA16: =Z16/SUM($Z$3:$Z$23)*100 -> 0.61970156 | AB16: Dog Haus | AC16: 77975 | AD16: =AC16/SUM($AC$3:$AC$55)*100 -> 0.20644182
M17: Hardee's | N17: 1932800 | O17: =N17/SUM($N$3:$N$37)*100 -> 1.7653873 | P17: KFC | Q17: 5176000 | R17: =Q17/SUM($Q$3:$Q$29)*100 -> 10.566993 | S17: Lou Malnati's | T17: 102600 | U17: =T17/SUM($T$3:$T$60)*100 -> 0.25549857 | V17: Gloria's Latin Cuisine | W17: 95700 | X17: =W17/SUM($W$3:$W$40)*100 -> 0.28922135 | Y17: Philz Coffee | Z17: 79200 | AA17: =Z17/SUM($Z$3:$Z$23)*100 -> 0.16155485 | AB17: Einstein Bros. Bagels | AC17: 582748 | AD17: =AC17/SUM($AC$3:$AC$55)*100 -> 1.5428478
M18: Hat Creek Burger Co. | N18: 58400 | O18: =N18/SUM($N$3:$N$37)*100 -> 0.053341586 | P18: Lee's Famous Recipe Chicken | Q18: 223653 | R18: =Q18/SUM($Q$3:$Q$29)*100 -> 0.45659575 | S18: Maggiano's Little Italy | T18: 511100 | U18: =T18/SUM($T$3:$T$60)*100 -> 1.2727614 | V18: Hot Head Burritos | W18: 66567 | X18: =W18/SUM($W$3:$W$40)*100 -> 0.20117657 | Y18: PJ's Coffee of New Orleans | Z18: 72008 | AA18: =Z18/SUM($Z$3:$Z$23)*100 -> 0.14688436 | AB18: Fazoli's | AC18: 287710 | AD18: =AC18/SUM($AC$3:$AC$55)*100 -> 0.76172333
M19: Hopdoddy Burger Bar | N19: 120600 | O19: =N19/SUM($N$3:$N$37)*100 -> 0.11015403 | P19: Nando's | Q19: 100200 | R19: =Q19/SUM($Q$3:$Q$29)*100 -> 0.20456195 | S19: Mellow Mushroom | T19: 394800 | U19: =T19/SUM($T$3:$T$60)*100 -> 0.98314656 | V19: Lupe Tortilla | W19: 187091 | X19: =W19/SUM($W$3:$W$40)*100 -> 0.56542018 | Y19: Scooter's Coffee | Z19: 561316 | AA19: =Z19/SUM($Z$3:$Z$23)*100 -> 1.1449914 | AB19: Firehouse Subs | AC19: 1138000 | AD19: =AC19/SUM($AC$3:$AC$55)*100 -> 3.0128989
M20: In-N-Out Burger | N20: 2111700 | O20: =N20/SUM($N$3:$N$37)*100 -> 1.9287916 | P20: PDQ Chicken | Q20: 127200 | R20: =Q20/SUM($Q$3:$Q$29)*100 -> 0.25968344 | S20: North Italia | T20: 258878 | U20: =T20/SUM($T$3:$T$60)*100 -> 0.64466822 | V20: Margaritas Mexican Restaurant | W20: 58200 | X20: =W20/SUM($W$3:$W$40)*100 -> 0.1758901 | Y20: Starbucks | Z20: 31630800 | AA20: =Z20/SUM($Z$3:$Z$23)*100 -> 64.52158 | AB20: Flower Child | AC20: 127500 | AD20: =AC20/SUM($AC$3:$AC$55)*100 -> 0.33756117
... M23: Krystal Company | N23: 294800 | O23: =N23/SUM($N$3:$N$37)*100 -> 0.2692654 | P23: Popeyes | Q23: 5511000 | R23: =Q23/SUM($Q$3:$Q$29)*100 -> 11.250907 | S23: Olive Garden | T23: 5112400 | U23: =T23/SUM($T$3:$T$60)*100 -> 12.7311 | V23: On The Border | W23: 291944 | X23: =W23/SUM($W$3:$W$40)*100 -> 0.88230341 | Y23: Ziggi's Coffee | Z23: 56006 | AA23: =Z23/SUM($Z$3:$Z$23)*100 -> 0.11424294 | AB23: Ike's Love & Sandwiches | AC23: 94100 | AD23: =AC23/SUM($AC$3:$AC$55)*100 -> 0.24913338
M24: McDonald's | N24: 53134100 | O24: =N24/SUM($N$3:$N$37)*100 -> 48.531801 | P24: Raising Cane's | Q24: 3758000 | R24: =Q24/SUM($Q$3:$Q$29)*100 -> 7.672094 | S24: Romano's Macaroni Grill | T24: 82400 | U24: =T24/SUM($T$3:$T$60)*100 -> 0.20519574 | V24: Pancheros Mexican Grill | W24: 112500 | X24: =W24/SUM($W$3:$W$40)*100 -> 0.33999375 | Y24: HHI | AA24: =SUMSQ(AA3:AA23) -> 4769.0055 | AB24: Jason's Deli | AC24: 665200 | AD24: =AC24/SUM($AC$3:$AC$55)*100 -> 1.7611427
M25: Mooyah | N25: 71800 | O25: =N25/SUM($N$3:$N$37)*100 -> 0.065580922 | P25: Slim Chickens | Q25: 388000 | R25: =Q25/SUM($Q$3:$Q$29)*100 -> 0.79211614 | S25: Serafina | T25: 96200 | U25: =T25/SUM($T$3:$T$60)*100 -> 0.23956104 | V25: Pappasito's Cantina | W25: 129600 | X25: =W25/SUM($W$3:$W$40)*100 -> 0.39167279 | AB25: Jersey Mike's Subs | AC25: 3342000 | AD25: =AC25/SUM($AC$3:$AC$55)*100 -> 8.848074
M26: P. Terry's Burger Stand | N26: 81000 | O26: =N26/SUM($N$3:$N$37)*100 -> 0.073984049 | P26: Super Chix | Q26: 63300 | R26: =Q26/SUM($Q$3:$Q$29)*100 -> 0.12922926 | S26: Uno Pizzeria & Grill | T26: 148400 | U26: =T26/SUM($T$3:$T$60)*100 -> 0.36955154 | V26: Plaza Azteca | W26: 107100 | X26: =W26/SUM($W$3:$W$40)*100 -> 0.32367405 | AB26: Jimmy John's | AC26: 2551112 | AD26: =AC26/SUM($AC$3:$AC$55)*100 -> 6.7541675
M27: Pal's Sudden Service | N27: 80600 | O27: =N27/SUM($N$3:$N$37)*100 -> 0.073618696 | P27: Wingstop | Q27: 3210800 | R27: =Q27/SUM($Q$3:$Q$29)*100 -> 6.5549652 | S27: &pizza | T27: 74100 | U27: =T27/SUM($T$3:$T$60)*100 -> 0.18452675 | V27: Qdoba Mexican Eats | W27: 990400 | X27: =W27/SUM($W$3:$W$40)*100 -> 2.9931538 | AB27: Kneaders Bakery & Cafe | AC27: 94300 | AD27: =AC27/SUM($AC$3:$AC$55)*100 -> 0.24966289
M28: Rally's | N28: 307500 | O28: =N28/SUM($N$3:$N$37)*100 -> 0.28086537 | P28: WNB Factory | Q28: 79300 | R28: =Q28/SUM($Q$3:$Q$29)*100 -> 0.16189384 | S28: Blaze Pizza | T28: 397900 | U28: =T28/SUM($T$3:$T$60)*100 -> 0.9908663 | V28: Rosa's Cafe Tortilla Factory | W28: 99100 | X28: =W28/SUM($W$3:$W$40)*100 -> 0.29949671 | AB28: Kolache Factory | AC28: 56360 | AD28: =AC28/SUM($AC$3:$AC$55)*100 -> 0.14921527
M29: Shake Shack | N29: 1129219 | O29: =N29/SUM($N$3:$N$37)*100 -> 1.0314098 | P29: Zaxby's | Q29: 2474500 | R29: =Q29/SUM($Q$3:$Q$29)*100 -> 5.0517819 | S29: Chuck E. Cheese | T29: 370900 | U29: =T29/SUM($T$3:$T$60)*100 -> 0.92362983 | V29: Rubio's | W29: 220296 | X29: =W29/SUM($W$3:$W$40)*100 -> 0.66577122 | AB29: La Madeleine | AC29: 191549 | AD29: =AC29/SUM($AC$3:$AC$55)*100 -> 0.50713337
M30: Smashburger | N30: 248600 | O30: =N30/SUM($N$3:$N$37)*100 -> 0.22706709 | P30: HHI | R30: =SUMSQ(R3:R29) -> 2332.2194 | S30: Cicis | T30: 265900 | U30: =T30/SUM($T$3:$T$60)*100 -> 0.66215468 | V30: Salsarita's Fresh Mexican Grill | W30: 72687 | X30: =W30/SUM($W$3:$W$40)*100 -> 0.21967223 | AB30: Le Pain Quotidien | AC30: 81400 | AD30: =AC30/SUM($AC$3:$AC$55)*100 -> 0.21550964
M31: Sonic Drive-In | N31: 5533582 | O31: =N31/SUM($N$3:$N$37)*100 -> 5.0542815 | S31: Domino's | T31: 9026100 | U31: =T31/SUM($T$3:$T$60)*100 -> 22.477151 | V31: Taco Bell | W31: 14980000 | X31: =W31/SUM($W$3:$W$40)*100 -> 45.272056 | AB31: Lemonade | AC31: 59900 | AD31: =AC31/SUM($AC$3:$AC$55)*100 -> 0.15858756
M32: Steak 'n Shake | N32: 741200 | O32: =N32/SUM($N$3:$N$37)*100 -> 0.67699972 | S32: Donatos Pizza | T32: 213100 | U32: =T32/SUM($T$3:$T$60)*100 -> 0.53067004 | V32: Taco Bueno | W32: 156400 | X32: =W32/SUM($W$3:$W$40)*100 -> 0.47266686 | AB32: Maple Street Biscuit Company | AC32: 77700 | AD32: =AC32/SUM($AC$3:$AC$55)*100 -> 0.20571375
M33: Wahlburgers | N33: 102000 | O33: =N33/SUM($N$3:$N$37)*100 -> 0.093165099 | S33: Fox's Pizza Den | T33: 88400 | U33: =T33/SUM($T$3:$T$60)*100 -> 0.22013717 | V33: Taco Cabana | W33: 283100 | X33: =W33/SUM($W$3:$W$40)*100 -> 0.85557537 | AB33: McAlister's Deli | AC33: 1021833 | AD33: =AC33/SUM($AC$3:$AC$55)*100 -> 2.7053423
M34: Wayback Burgers | N34: 170100 | O34: =N34/SUM($N$3:$N$37)*100 -> 0.1553665 | S34: Godfather's Pizza | T34: 274400 | U34: =T34/SUM($T$3:$T$60)*100 -> 0.68332172 | V34: Taco Casa | W34: 62600 | X34: =W34/SUM($W$3:$W$40)*100 -> 0.18918763 | AB34: Mendocino Farms | AC34: 220500 | AD34: =AC34/SUM($AC$3:$AC$55)*100 -> 0.58378226
M35: Wendy's | N35: 12285300 | O35: =N35/SUM($N$3:$N$37)*100 -> 11.221188 | S35: Hungry Howie's Pizza | T35: 468272 | U35: =T35/SUM($T$3:$T$60)*100 -> 1.1661094 | V35: Taco John's | W35: 429405 | X35: =W35/SUM($W$3:$W$40)*100 -> 1.2977335 | AB35: Modern Market Eatery | AC35: 62433 | AD35: =AC35/SUM($AC$3:$AC$55)*100 -> 0.16529378
M36: Whataburger | N36: 3769100 | O36: =N36/SUM($N$3:$N$37)*100 -> 3.4426331 | S36: Imo's Pizza | T36: 74900 | U36: =T36/SUM($T$3:$T$60)*100 -> 0.18651894 | V36: TacoTime | W36: 67200 | X36: =W36/SUM($W$3:$W$40)*100 -> 0.2030896 | AB36: Mr. Pickle's Sandwich Shop | AC36: 64646 | AD36: =AC36/SUM($AC$3:$AC$55)*100 -> 0.17115278
M37: White Castle | N37: 683971 | O37: =N37/SUM($N$3:$N$37)*100 -> 0.6247277 | S37: Jet's Pizza | T37: 410400 | U37: =T37/SUM($T$3:$T$60)*100 -> 1.0219943 | V37: Tijuana Flats | W37: 134000 | X37: =W37/SUM($W$3:$W$40)*100 -> 0.40497033 | AB37: Nathan's Famous | AC37: 94800 | AD37: =AC37/SUM($AC$3:$AC$55)*100 -> 0.25098666
M38: HHI | O38: =SUMSQ(O3:O37) -> 2661.906 | S38: Ledo Pizza | T38: 137500 | U38: =T38/SUM($T$3:$T$60)*100 -> 0.34240793 | V38: Torchy's Tacos | W38: 510100 | X38: =W38/SUM($W$3:$W$40)*100 -> 1.5416072 | AB38: Newk's Eatery | AC38: 210594 | AD38: =AC38/SUM($AC$3:$AC$55)*100 -> 0.55755574
S39: Little Caesars | T39: 4451200 | U39: =T39/SUM($T$3:$T$60)*100 -> 11.084554 | V39: Uncle Julio's | W39: 247500 | X39: =W39/SUM($W$3:$W$40)*100 -> 0.74798624 | AB39: Noah's Bagels | AC39: 80305 | AD39: =AC39/SUM($AC$3:$AC$55)*100 -> 0.21261059
S40: Marco's Pizza | T40: 1041312 | U40: =T40/SUM($T$3:$T$60)*100 -> 2.5931163 | V40: Velvet Taco | W40: 121100 | X40: =W40/SUM($W$3:$W$40)*100 -> 0.36598438 | AB40: Panera Bread | AC40: 6456368 | AD40: =AC40/SUM($AC$3:$AC$55)*100 -> 17.093483
S41: Mazzio's Italian Eatery | T41: 91300 | U41: =T41/SUM($T$3:$T$60)*100 -> 0.22735887 | V41: HHI | X41: =SUMSQ(X3:X40) -> 2963.0495 | AB41: Penn Station East Coast Subs | AC41: 267485 | AD41: =AC41/SUM($AC$3:$AC$55)*100 -> 0.70817686
S42: MOD Pizza | T42: 671500 | U42: =T42/SUM($T$3:$T$60)*100 -> 1.6721958 | AB42: Port of Subs | AC42: 73833 | AD42: =AC42/SUM($AC$3:$AC$55)*100 -> 0.19547572
S43: Mountain Mike's Pizza | T43: 297917 | U43: =T43/SUM($T$3:$T$60)*100 -> 0.74188468 | AB43: Portillo's | AC43: 679905 | AD43: =AC43/SUM($AC$3:$AC$55)*100 -> 1.8000747
S44: Mr. Gatti's Pizza | T44: 122619 | U44: =T44/SUM($T$3:$T$60)*100 -> 0.30535068 | AB44: Potbelly Sandwich Shop | AC44: 559688 | AD44: =AC44/SUM($AC$3:$AC$55)*100 -> 1.4817956
S45: Papa Gino's Pizzeria | T45: 58900 | U45: =T45/SUM($T$3:$T$60)*100 -> 0.14667511 | AB45: Pret A Manger | AC45: 150300 | AD45: =AC45/SUM($AC$3:$AC$55)*100 -> 0.39792505
S46: Papa Johns | T46: 3816400 | U46: =T46/SUM($T$3:$T$60)*100 -> 9.5037501 | AB46: PrimoHoagies | AC46: 96500 | AD46: =AC46/SUM($AC$3:$AC$55)*100 -> 0.25548747
S47: Papa Murphy's Pizza | T47: 758599 | U47: =T47/SUM($T$3:$T$60)*100 -> 1.8890932 | AB47: Quiznos | AC47: 68600 | AD47: =AC47/SUM($AC$3:$AC$55)*100 -> 0.18162115
S48: Peter Piper Pizza | T48: 74600 | U48: =T48/SUM($T$3:$T$60)*100 -> 0.18577187 | AB48: Roy Rogers Restaurants | AC48: 73900 | AD48: =AC48/SUM($AC$3:$AC$55)*100 -> 0.1956531
S49: Pieology Pizzeria | T49: 114000 | U49: =T49/SUM($T$3:$T$60)*100 -> 0.2838873 | AB49: Runza | AC49: 147279 | AD49: =AC49/SUM($AC$3:$AC$55)*100 -> 0.38992684
S50: Pizza Factory | T50: 94100 | U50: =T50/SUM($T$3:$T$60)*100 -> 0.23433154 | AB50: Schlotzsky's | AC50: 360598 | AD50: =AC50/SUM($AC$3:$AC$55)*100 -> 0.95469712
S51: Pizza Guys | T51: 88244 | U51: =T51/SUM($T$3:$T$60)*100 -> 0.21974869 | AB51: Subway | AC51: 9982800 | AD51: =AC51/SUM($AC$3:$AC$55)*100 -> 26.429848
S52: Pizza Hut | T52: 5577000 | U52: =T52/SUM($T$3:$T$60)*100 -> 13.888066 | AB52: Togo's Sandwiches | AC52: 89700 | AD52: =AC52/SUM($AC$3:$AC$55)*100 -> 0.23748421
S53: Pizza Inn | T53: 102498 | U53: =T53/SUM($T$3:$T$60)*100 -> 0.25524457 | AB53: Urban Plates | AC53: 78400 | AD53: =AC53/SUM($AC$3:$AC$55)*100 -> 0.20756703
... S55: Rosati's Pizza | T55: 126500 | U55: =T55/SUM($T$3:$T$60)*100 -> 0.3150153 | AB55: Wienerschnitzel | AC55: 424700 | AD55: =AC55/SUM($AC$3:$AC$55)*100 -> 1.1244096
